CVE_GEO,HOMI_DOLOSO,EXTORSION,SECUESTRO,NARCOMENUDEO,FEMINICIDIO,HOMI_DOLOSO_ANN,EXTORSION_ANN,SECUESTRO_ANN,NARCOMENUDEO_ANN,FEMINICIDIO_ANN,HOMI_DOLOSO_R100K,EXTORSION_R100K,SECUESTRO_R100K,NARCOMENUDEO_R100K,FEMINICIDIO_R100K,NARCO_PRESSURE,ACLED_EVENTS,ACLED_FATALITIES,ACLED_BATTLES,ACLED_VAC,ACLED_STRAT,ACLED_EVENTS_ANN,ACLED_FAT_ANN,ACLED_FAT_R100K
07001,1,0,1,0,0,3,0,3,0,0,16.672224074691563,0.0,16.672224074691563,0.0,0.0,0.0518061576080915,3,2,0,2,1,0.4,0.2,1.1
07002,0,0,0,0,0,0,0,0,0,0,0.0,0.0,0.0,0.0,0.0,0.0,1,0,0,1,0,0.1,0.0,0.0
07003,0,0,0,2,0,0,0,0,6,0,0.0,0.0,0.0,22.30566192051749,0.0,0.0050076211011561,4,2,2,1,1,0.5,0.2,0.7
07004,1,0,0,1,0,3,0,0,3,0,8.29646017699115,0.0,0.0,8.29646017699115,0.0,0.0076922013274336,14,2,2,7,5,1.8,0.2,0.6
07005,0,0,0,1,0,0,0,0,3,0,0.0,0.0,0.0,12.238903394255871,0.0,0.0027476338120104,3,3,0,3,0,0.4,0.4,1.6
07006,1,0,0,0,0,3,0,0,0,0,9.45328501654325,0.0,0.0,0.0,0.0,0.0066425082716243,15,1,10,3,2,1.9,0.1,0.3
07007,0,0,0,0,0,0,0,0,0,0,0.0,0.0,0.0,0.0,0.0,0.0,4,8,1,3,0,0.5,1.0,8.9
07008,2,0,0,2,0,6,0,0,6,0,18.7811062071556,0.0,0.0,18.7811062071556,0.0,0.0174132156384011,7,2,3,3,1,0.9,0.2,0.6
07009,3,0,0,7,0,9,0,0,21,0,21.879178315303268,0.0,0.0,51.05141606904097,0.0,0.0268348122037194,4,4,0,2,2,0.5,0.5,1.2
07010,0,0,0,0,0,0,0,0,0,0,0.0,0.0,0.0,0.0,0.0,0.0,3,9,1,1,1,0.4,1.1,14.9
07011,0,0,0,0,0,0,0,0,0,0,0.0,0.0,0.0,0.0,0.0,0.0,5,0,1,0,4,0.6,0.0,0.0
07012,2,0,0,5,1,6,0,0,15,3,9.28332714444857,0.0,0.0,23.208317861121422,4.641663572224285,0.0117333518999876,14,45,5,6,3,1.8,5.6,8.7
07013,0,1,0,0,0,0,3,0,0,0,0.0,8.050881571532083,0.0,0.0,0.0,0.0172825591068888,4,2,2,1,1,0.5,0.2,0.5
07014,0,0,0,0,0,0,0,0,0,0,0.0,0.0,0.0,0.0,0.0,0.0,4,2,0,2,2,0.5,0.2,0.8
07015,0,0,0,2,1,0,0,0,6,3,0.0,0.0,0.0,11.973180076628353,5.986590038314176,0.002687978927203,2,1,0,1,1,0.2,0.1,0.2
07016,0,0,0,1,0,0,0,0,3,0,0.0,0.0,0.0,17.027073046143368,0.0,0.0038225778988591,1,1,0,1,0,0.1,0.1,0.6
07017,3,0,0,29,2,9,0,0,87,6,10.214968333598168,0.0,0.0,98.74469389144896,6.809978889065444,0.0293459015277052,13,7,3,5,5,1.6,0.9,1.0
07018,0,0,0,0,0,0,0,0,0,0,0.0,0.0,0.0,0.0,0.0,0.0,1,0,0,1,0,0.1,0.0,0.0
07019,1,0,0,2,0,3,0,0,6,0,1.8052931194261572,0.0,0.0,3.610586238852315,0.0,0.0020790959092057,8,1,1,2,5,1.0,0.1,0.1
07020,0,0,0,0,0,0,0,0,0,0,0.0,0.0,0.0,0.0,0.0,0.0,20,80,7,8,5,2.5,10.0,20.0
07021,0,0,0,0,0,0,0,0,0,0,0.0,0.0,0.0,0.0,0.0,0.0,1,0,0,0,1,0.1,0.0,0.0
07022,0,0,0,0,0,0,0,0,0,0,0.0,0.0,0.0,0.0,0.0,0.0,1,0,0,1,0,0.1,0.0,0.0
07023,0,0,1,1,0,0,0,3,3,0,0.0,0.0,2.9421283356380004,2.9421283356380004,0.0,0.0077353457491149,12,11,4,7,1,1.5,1.4,1.4
07024,0,0,0,0,0,0,0,0,0,0,0.0,0.0,0.0,0.0,0.0,0.0,0,0,0,0,0,0.0,0.0,0.0
07025,0,0,0,0,0,0,0,0,0,0,0.0,0.0,0.0,0.0,0.0,0.0,2,1,0,2,0,0.2,0.1,1.3
07026,0,0,0,7,0,0,0,0,21,0,0.0,0.0,0.0,44.33091976103523,0.0,0.0099522914863524,40,26,18,14,8,5.0,3.2,6.8
07027,1,0,0,10,0,3,0,0,30,0,2.6767789426723176,0.0,0.0,26.76778942672318,0.0,0.0078902520633504,15,8,3,5,7,1.9,1.0,0.9
07028,0,0,0,0,0,0,0,0,0,0,0.0,0.0,0.0,0.0,0.0,0.0,0,0,0,0,0,0.0,0.0,0.0
07029,0,0,0,0,0,0,0,0,0,0,0.0,0.0,0.0,0.0,0.0,0.0,0,0,0,0,0,0.0,0.0,0.0
07030,0,0,0,0,0,0,0,0,0,0,0.0,0.0,0.0,0.0,0.0,0.0,44,43,13,8,19,5.5,5.4,14.7
07031,4,0,0,2,0,12,0,0,6,0,8.7424050356253,0.0,0.0,4.37120251781265,0.0,0.0071243315702816,15,3,1,4,10,1.9,0.4,0.3
07032,0,0,0,0,0,0,0,0,0,0,0.0,0.0,0.0,0.0,0.0,0.0,4,1,0,2,2,0.5,0.1,0.3
07033,0,0,0,0,0,0,0,0,0,0,0.0,0.0,0.0,0.0,0.0,0.0,0,0,0,0,0,0.0,0.0,0.0
07034,1,0,0,1,0,3,0,0,3,0,3.7084193480598784,0.0,0.0,3.7084193480598784,0.0,0.0034383228055428,61,8,17,11,31,7.6,1.0,1.2
07035,1,0,0,0,0,3,0,0,0,0,20.610057708161584,0.0,0.0,0.0,0.0,0.0144820005496015,5,0,1,0,4,0.6,0.0,0.0
07036,0,0,0,0,0,0,0,0,0,0,0.0,0.0,0.0,0.0,0.0,0.0,3,0,0,0,3,0.4,0.0,0.0
07037,1,0,0,6,0,3,0,0,18,0,8.25695648583932,0.0,0.0,49.54173891503592,0.0,0.0169240084771419,5,5,0,2,3,0.6,0.6,1.7
07038,0,1,0,0,0,0,3,0,0,0,0.0,13.057671381936888,0.0,0.0,0.0,0.0280304678998911,1,0,0,0,1,0.1,0.0,0.0
07039,0,0,0,0,0,0,0,0,0,0,0.0,0.0,0.0,0.0,0.0,0.0,2,1,0,1,1,0.2,0.1,0.4
07040,6,1,0,12,0,18,3,0,36,0,33.80789602193757,5.634649336989595,0.0,67.61579204387515,0.0,0.0510311408286691,12,6,1,5,6,1.5,0.8,1.5
07041,0,0,0,0,0,0,0,0,0,0,0.0,0.0,0.0,0.0,0.0,0.0,0,0,0,0,0,0.0,0.0,0.0
07042,1,0,0,4,0,3,0,0,12,0,26.368990067680407,0.0,0.0,105.47596027072164,0.0,0.0422079634350004,3,6,1,1,1,0.4,0.8,7.0
07043,0,0,0,0,0,0,0,0,0,0,0.0,0.0,0.0,0.0,0.0,0.0,1,0,0,1,0,0.1,0.0,0.0
07044,1,0,0,0,0,3,0,0,0,0,10.345184316700577,0.0,0.0,0.0,0.0,0.0072692161798682,1,0,0,1,0,0.1,0.0,0.0
07045,0,0,0,1,0,0,0,0,3,0,0.0,0.0,0.0,47.740292807129215,0.0,0.0107176957352005,0,0,0,0,0,0.0,0.0,0.0
07046,2,0,0,11,1,6,0,0,33,3,14.6116942259455,0.0,0.0,80.36431824270024,7.305847112972749,0.0283089399215839,6,6,3,2,1,0.8,0.8,1.9
07047,0,0,0,0,0,0,0,0,0,0,0.0,0.0,0.0,0.0,0.0,0.0,0,0,0,0,0,0.0,0.0,0.0
07048,1,0,0,0,0,3,0,0,0,0,13.757050488375292,0.0,0.0,0.0,0.0,0.0096666208098317,6,6,1,5,0,0.8,0.8,3.7
07049,0,0,0,1,0,0,0,0,3,0,0.0,0.0,0.0,9.597235996033142,0.0,0.0021545794811094,0,0,0,0,0,0.0,0.0,0.0
07050,0,0,0,0,0,0,0,0,0,0,0.0,0.0,0.0,0.0,0.0,0.0,0,0,0,0,0,0.0,0.0,0.0
07051,2,0,0,2,0,6,0,0,6,0,13.006720138738348,0.0,0.0,13.006720138738348,0.0,0.0120593973553002,15,24,3,9,3,1.9,3.0,6.5
07052,1,0,0,0,0,3,0,0,0,0,2.127252228296709,0.0,0.0,0.0,0.0,0.0014947492324164,2,0,0,0,2,0.2,0.0,0.0
07053,0,0,0,0,0,0,0,0,0,0,0.0,0.0,0.0,0.0,0.0,0.0,9,1,4,0,5,1.1,0.1,1.3
07054,1,2,0,8,0,3,6,0,24,0,10.619469026548671,21.238938053097343,0.0,84.95575221238938,0.0,0.0721274336283185,2,0,1,0,1,0.2,0.0,0.0
07055,1,0,0,0,0,3,0,0,0,0,51.05513955071477,0.0,0.0,0.0,0.0,0.0358747447243022,2,0,0,0,2,0.2,0.0,0.0
07056,0,0,0,0,0,0,0,0,0,0,0.0,0.0,0.0,0.0,0.0,0.0,0,0,0,0,0,0.0,0.0,0.0
07057,0,0,0,0,0,0,0,0,0,0,0.0,0.0,0.0,0.0,0.0,0.0,14,10,3,2,9,1.8,1.2,1.6
07058,0,0,0,0,0,0,0,0,0,0,0.0,0.0,0.0,0.0,0.0,0.0,0,0,0,0,0,0.0,0.0,0.0
07059,1,0,0,1,0,3,0,0,3,0,1.2784399623286358,0.0,0.0,1.2784399623286358,0.0,0.0011853269184057,28,6,7,12,9,3.5,0.8,0.3
07060,0,0,0,1,0,0,0,0,3,0,0.0,0.0,0.0,21.294718909710397,0.0,0.0047806643952299,0,0,0,0,0,0.0,0.0,0.0
07061,5,0,1,38,0,15,0,3,114,0,15.400885037526823,0.0,3.080177007505365,117.04672628520386,0.0,0.044505477581445,29,23,11,13,5,3.6,2.9,3.0
07062,0,0,0,0,0,0,0,0,0,0,0.0,0.0,0.0,0.0,0.0,0.0,1,2,0,1,0,0.1,0.2,1.1
07063,0,0,0,0,0,0,0,0,0,0,0.0,0.0,0.0,0.0,0.0,0.0,1,1,0,1,0,0.1,0.1,2.5
07064,1,0,0,1,0,3,0,0,3,0,5.461297604310784,0.0,0.0,5.461297604310784,0.0,0.0050635330954634,22,6,5,8,9,2.8,0.8,1.5
07065,3,0,0,18,1,9,0,0,54,3,6.804521226325937,0.0,0.0,40.82712735795562,2.2681737421086456,0.013947000340226,17,17,1,14,2,2.1,2.1,1.6
07066,0,0,0,0,0,0,0,0,0,0,0.0,0.0,0.0,0.0,0.0,0.0,51,67,16,15,20,6.4,8.4,31.8
07067,0,0,0,1,0,0,0,0,3,0,0.0,0.0,0.0,24.45785097016142,0.0,0.0054907875428012,2,0,0,2,0,0.2,0.0,0.0
07068,0,0,0,1,0,0,0,0,3,0,0.0,0.0,0.0,9.398790688931356,0.0,0.002110028509665,10,13,1,8,1,1.2,1.6,5.0
07069,1,0,0,0,1,3,0,0,0,3,5.860176195964292,0.0,0.0,0.0,5.860176195964292,0.0041177504736975,6,1,0,1,5,0.8,0.1,0.2
07070,1,0,0,0,0,3,0,0,0,0,24.463834298295684,0.0,0.0,0.0,0.0,0.0171899209002691,2,0,0,0,2,0.2,0.0,0.0
07071,3,0,0,1,1,9,0,0,3,3,29.7059114763838,0.0,0.0,9.901970492127932,9.901970492127932,0.0230963461728884,2,6,1,1,0,0.2,0.8,2.6
07072,3,0,0,2,1,9,0,0,6,3,30.36847077878256,0.0,0.0,20.24564718585504,10.12282359292752,0.0258840599271156,14,21,4,7,3,1.8,2.6,8.8
07073,0,0,0,0,0,0,0,0,0,0,0.0,0.0,0.0,0.0,0.0,0.0,2,0,0,1,1,0.2,0.0,0.0
07074,1,0,0,1,1,3,0,0,3,3,6.692096633875393,0.0,0.0,6.692096633875393,6.692096633875393,0.0062046889290414,15,13,8,7,0,1.9,1.6,3.6
07075,1,0,0,0,0,3,0,0,0,0,10.406188213257485,0.0,0.0,0.0,0.0,0.0073120815845155,0,0,0,0,0,0.0,0.0,0.0
07076,0,0,0,0,0,0,0,0,0,0,0.0,0.0,0.0,0.0,0.0,0.0,1,0,0,0,1,0.1,0.0,0.0
07077,1,0,0,1,0,3,0,0,3,0,4.669188028201895,0.0,0.0,4.669188028201895,0.0,0.0043291155001478,5,4,0,5,0,0.6,0.5,0.8
07078,1,1,0,24,1,3,3,0,72,3,1.3896995469579478,1.3896995469579478,0.0,33.35278912699074,1.3896995469579478,0.0114474184014749,59,37,18,29,12,7.4,4.6,2.1
07079,0,0,0,3,0,0,0,0,9,0,0.0,0.0,0.0,21.534706769076163,0.0,0.0048345416696575,7,5,3,4,0,0.9,0.6,1.4
07080,0,0,0,0,0,0,0,0,0,0,0.0,0.0,0.0,0.0,0.0,0.0,9,1,3,1,5,1.1,0.1,0.4
07081,0,0,0,0,0,0,0,0,0,0,0.0,0.0,0.0,0.0,0.0,0.0,7,3,1,5,1,0.9,0.4,0.8
07082,0,0,0,0,0,0,0,0,0,0,0.0,0.0,0.0,0.0,0.0,0.0,1,1,0,1,0,0.1,0.1,0.6
07083,0,0,0,0,0,0,0,0,0,0,0.0,0.0,0.0,0.0,0.0,0.0,3,3,1,2,0,0.4,0.4,2.1
07084,1,0,0,1,1,3,0,0,3,3,35.0426352061675,0.0,0.0,35.0426352061675,35.0426352061675,0.0324903632753183,2,0,0,0,2,0.2,0.0,0.0
07085,0,0,0,0,0,0,0,0,0,0,0.0,0.0,0.0,0.0,0.0,0.0,0,0,0,0,0,0.0,0.0,0.0
07086,1,0,0,4,0,3,0,0,12,0,11.706403402661255,0.0,0.0,46.82561361064502,0.0,0.0187380497131931,4,0,0,2,2,0.5,0.0,0.0
07087,7,0,0,4,0,21,0,0,12,0,50.39354962564792,0.0,0.0,28.79631407179881,0.0,0.0418746400460741,28,16,4,9,15,3.5,2.0,4.8
07088,0,0,0,0,0,0,0,0,0,0,0.0,0.0,0.0,0.0,0.0,0.0,0,0,0,0,0,0.0,0.0,0.0
07089,16,3,1,146,4,48,9,3,438,12,13.570592525996164,2.544486098624281,0.8481620328747603,123.831656799715,3.3926481314990413,0.0448375204265689,119,66,13,44,61,14.9,8.2,2.3
07090,0,0,0,0,0,0,0,0,0,0,0.0,0.0,0.0,0.0,0.0,0.0,0,0,0,0,0,0.0,0.0,0.0
07091,1,0,0,1,0,3,0,0,3,0,22.07180694526192,0.0,0.0,22.07180694526192,0.0,0.0204642436727486,4,0,0,3,1,0.5,0.0,0.0
07092,0,0,0,0,0,0,0,0,0,0,0.0,0.0,0.0,0.0,0.0,0.0,1,0,0,0,1,0.1,0.0,0.0
07093,0,0,0,0,0,0,0,0,0,0,0.0,0.0,0.0,0.0,0.0,0.0,2,3,0,2,0,0.2,0.4,0.8
07094,0,0,0,0,0,0,0,0,0,0,0.0,0.0,0.0,0.0,0.0,0.0,4,1,0,2,2,0.5,0.1,0.2
07096,3,0,0,1,1,9,0,0,3,3,10.777797736662476,0.0,0.0,3.592599245554158,3.592599245554158,0.008379737740255,20,13,1,8,11,2.5,1.6,1.9
07097,0,0,0,1,0,0,0,0,3,0,0.0,0.0,0.0,3.26395613242958,0.0,0.0007327581517304,11,2,1,3,7,1.4,0.2,0.2
07098,0,0,0,0,0,0,0,0,0,0,0.0,0.0,0.0,0.0,0.0,0.0,2,0,1,0,1,0.2,0.0,0.0
07099,2,0,0,0,1,6,0,0,0,3,7.219260988316829,0.0,0.0,0.0,3.6096304941584143,0.0050727340544572,4,0,1,0,3,0.5,0.0,0.0
07100,0,0,0,0,0,0,0,0,0,0,0.0,0.0,0.0,0.0,0.0,0.0,0,0,0,0,0,0.0,0.0,0.0
07101,4,7,0,62,3,12,21,0,186,9,1.9862715531153845,3.4759752179519223,0.0,30.78720907328845,1.489703664836538,0.0157691753828124,92,64,14,46,32,11.5,8.0,1.3
07102,3,0,0,9,3,9,0,0,27,9,21.93837753510141,0.0,0.0,65.81513260530421,21.93837753510141,0.0301908638845553,10,7,2,7,1,1.2,0.9,2.2
07103,2,0,0,3,1,6,0,0,9,3,19.80067322288958,0.0,0.0,29.701009834334368,9.90033661144479,0.0205811497590918,4,4,0,4,0,0.5,0.5,1.7
07104,1,0,0,0,0,3,0,0,0,0,18.115942028985508,0.0,0.0,0.0,0.0,0.0127294685990338,1,0,0,0,1,0.1,0.0,0.0
07105,0,0,0,1,0,0,0,0,3,0,0.0,0.0,0.0,18.74062968515742,0.0,0.0042072713643178,1,2,0,1,0,0.1,0.2,1.2
07106,2,0,0,0,0,6,0,0,0,0,8.9163645009808,0.0,0.0,0.0,0.0,0.0062652321226891,21,16,5,10,6,2.6,2.0,3.0
07107,1,0,0,1,0,3,0,0,3,0,4.570175037703945,0.0,0.0,4.570175037703945,0.0,0.0042373139557911,11,12,4,6,1,1.4,1.5,2.3
07108,0,0,0,10,0,0,0,0,30,0,0.0,0.0,0.0,27.38825591586328,0.0,0.0061486634531113,21,30,8,8,5,2.6,3.8,3.5
07109,1,0,0,0,0,3,0,0,0,0,7.446940548591287,0.0,0.0,0.0,0.0,0.0052327168921434,6,6,1,5,0,0.8,0.8,2.0
07110,0,0,0,0,0,0,0,0,0,0,0.0,0.0,0.0,0.0,0.0,0.0,1,0,0,0,1,0.1,0.0,0.0
07111,0,0,0,0,0,0,0,0,0,0,0.0,0.0,0.0,0.0,0.0,0.0,3,2,0,2,1,0.4,0.2,0.4
07112,0,0,0,5,0,0,0,0,15,0,0.0,0.0,0.0,39.52777484979445,0.0,0.0088739854537788,3,1,1,1,1,0.4,0.1,0.3
07113,0,0,0,0,1,0,0,0,0,3,0.0,0.0,0.0,0.0,35.37735849056604,0.0,77,21,5,70,2,9.6,2.6,30.7
07114,3,0,0,0,0,9,0,0,0,0,38.130746091598525,0.0,0.0,0.0,0.0,0.0267932042536965,8,5,3,4,1,1.0,0.6,2.5
07115,0,0,0,0,0,0,0,0,0,0,0.0,0.0,0.0,0.0,0.0,0.0,1,1,1,0,0,0.1,0.1,0.7
07116,0,0,0,0,0,0,0,0,0,0,0.0,0.0,0.0,0.0,0.0,0.0,5,10,2,3,0,0.6,1.2,9.3
07117,0,0,0,0,0,0,0,0,0,0,0.0,0.0,0.0,0.0,0.0,0.0,3,0,0,2,1,0.4,0.0,0.0
07118,0,0,0,0,0,0,0,0,0,0,0.0,0.0,0.0,0.0,0.0,0.0,2,1,0,2,0,0.2,0.1,1.7
07119,0,0,0,0,0,0,0,0,0,0,0.0,0.0,0.0,0.0,0.0,0.0,4,0,0,0,4,0.5,0.0,0.0
07120,0,0,0,0,0,0,0,0,0,0,0.0,0.0,0.0,0.0,0.0,0.0,1,0,0,0,1,0.1,0.0,0.0
07121,0,0,0,4,0,0,0,0,12,0,0.0,0.0,0.0,137.64624913971093,0.0,0.0309015829318651,4,4,1,3,0,0.5,0.5,5.7
07122,0,0,0,0,0,0,0,0,0,0,0.0,0.0,0.0,0.0,0.0,0.0,2,1,2,0,0,0.2,0.1,0.6
07123,0,0,0,0,0,0,0,0,0,0,0.0,0.0,0.0,0.0,0.0,0.0,1,0,0,1,0,0.1,0.0,0.0
07124,1,1,1,0,0,3,3,3,0,0,12.58019876714052,12.58019876714052,12.58019876714052,0.0,0.0,0.0660963643225563,5,1,1,1,3,0.6,0.1,0.4
07125,1,0,0,0,0,3,0,0,0,0,25.751072961373392,0.0,0.0,0.0,0.0,0.0180944206008583,0,0,0,0,0,0.0,0.0,0.0
12001,103,19,1,229,1,309,57,3,687,3,39.63743929314516,7.311760646308331,0.3848295077004384,88.12595726340041,0.3848295077004384,0.0642574842925422,1502,1606,207,1143,142,187.8,200.8,25.8
12002,0,1,0,0,0,0,3,0,0,0,0.0,11.902400317397342,0.0,0.0,0.0,0.0255504860146796,4,4,1,3,0,0.5,0.5,2.0
12003,0,0,0,0,0,0,0,0,0,0,0.0,0.0,0.0,0.0,0.0,0.0,11,0,1,3,4,1.4,0.0,0.0
12004,0,0,0,0,0,0,0,0,0,0,0.0,0.0,0.0,0.0,0.0,0.0,4,5,0,3,1,0.5,0.6,2.8
12005,0,0,0,0,0,0,0,0,0,0,0.0,0.0,0.0,0.0,0.0,0.0,4,6,2,2,0,0.5,0.8,10.2
12006,0,0,0,0,0,0,0,0,0,0,0.0,0.0,0.0,0.0,0.0,0.0,8,7,4,2,2,1.0,0.9,8.1
12007,0,1,1,0,0,0,3,3,0,0,0.0,9.017945711966815,9.017945711966815,0.0,0.0,0.0410436769170649,5,1,2,1,2,0.6,0.1,0.3
12008,0,0,0,0,0,0,0,0,0,0,0.0,0.0,0.0,0.0,0.0,0.0,8,8,2,5,1,1.0,1.0,10.9
12009,1,0,0,0,0,3,0,0,0,0,51.62622612287042,0.0,0.0,0.0,0.0,0.0362760282223369,0,0,0,0,0,0.0,0.0,0.0
12010,3,0,0,0,1,9,0,0,0,3,31.588922817731916,0.0,0.0,0.0,10.529640939243972,0.0221964830999262,15,14,6,8,1,1.9,1.8,6.3
12011,2,0,0,5,0,6,0,0,15,0,9.88793671720501,0.0,0.0,24.719841793012524,0.0,0.0124975280158206,29,25,2,23,4,3.6,3.1,5.1
12012,8,0,0,0,0,24,0,0,0,0,34.72071524673408,0.0,0.0,0.0,0.0,0.0243970892467051,15,21,7,8,0,1.9,2.6,3.8
12013,5,0,0,2,0,15,0,0,6,0,99.34432743890324,0.0,0.0,39.7377309755613,0.0,0.0787270680177495,8,10,0,8,0,1.0,1.2,7.9
12014,1,0,0,0,0,3,0,0,0,0,19.427535293355785,0.0,0.0,0.0,0.0,0.0136510814661313,10,10,2,7,1,1.2,1.2,7.8
12015,0,2,0,0,0,0,6,0,0,0,0.0,46.217840086273306,0.0,0.0,0.0,0.0992142967185333,8,11,1,7,0,1.0,1.4,10.8
12016,1,0,0,0,0,3,0,0,0,0,24.177949709864603,0.0,0.0,0.0,0.0,0.0169890393294648,4,1,2,2,0,0.5,0.1,0.8
12017,0,0,0,0,0,0,0,0,0,0,0.0,0.0,0.0,0.0,0.0,0.0,12,15,3,6,3,1.5,1.9,12.2
12018,4,1,0,2,0,12,3,0,6,0,82.97033810412778,20.742584526031944,0.0,41.48516905206389,0.0,0.1121413261425707,12,12,3,9,0,1.5,1.5,10.4
12019,0,0,0,0,0,0,0,0,0,0,0.0,0.0,0.0,0.0,0.0,0.0,1,1,0,1,0,0.1,0.1,0.6
12020,0,0,0,0,0,0,0,0,0,0,0.0,0.0,0.0,0.0,0.0,0.0,4,2,1,3,0,0.5,0.2,0.9
12021,6,0,0,3,0,18,0,0,9,0,24.638633377135346,0.0,0.0,12.319316688567673,0.0,0.0200784329829172,71,96,6,57,8,8.9,12.0,16.4
12022,0,3,0,0,0,0,9,0,0,0,0.0,23.343881309332364,0.0,0.0,0.0,0.0501115318773668,39,58,15,14,7,4.9,7.2,18.7
12023,2,0,0,0,0,6,0,0,0,0,22.533518608930784,0.0,0.0,0.0,0.0,0.0158335524092087,24,23,3,17,4,3.0,2.9,10.9
12024,2,0,0,0,0,6,0,0,0,0,76.2001524003048,0.0,0.0,0.0,0.0,0.0535433070866141,3,5,0,3,0,0.4,0.6,7.6
12025,0,0,0,0,0,0,0,0,0,0,0.0,0.0,0.0,0.0,0.0,0.0,8,4,3,5,0,1.0,0.5,2.9
12026,0,0,0,0,0,0,0,0,0,0,0.0,0.0,0.0,0.0,0.0,0.0,3,7,3,0,0,0.4,0.9,10.9
12027,0,0,0,1,0,0,0,0,3,0,0.0,0.0,0.0,14.607781078054243,0.0,0.0032794468520231,1,0,0,1,0,0.1,0.0,0.0
12028,7,2,0,0,0,21,6,0,0,0,16.973537446856664,4.849582127673332,0.0,0.0,0.0,0.0223371752800633,132,198,28,92,8,16.5,24.8,20.0
12029,13,18,0,63,1,39,54,0,189,3,13.763701941740722,19.057433457794843,0.0,66.70101710228195,1.0587463032108246,0.065555630059925,380,452,75,258,45,47.5,56.5,19.9
12030,1,0,0,0,0,3,0,0,0,0,13.48314606741573,0.0,0.0,0.0,0.0,0.0094741573033707,1,1,0,1,0,0.1,0.1,0.4
12031,0,0,0,0,0,0,0,0,0,0,0.0,0.0,0.0,0.0,0.0,0.0,1,1,0,1,0,0.1,0.1,1.6
12032,0,0,0,0,0,0,0,0,0,0,0.0,0.0,0.0,0.0,0.0,0.0,27,38,9,3,6,3.4,4.8,12.9
12033,3,0,0,0,0,9,0,0,0,0,51.46386093321134,0.0,0.0,0.0,0.0,0.0361619396157365,13,18,1,10,2,1.6,2.2,12.6
12034,1,1,0,0,0,3,3,0,0,0,8.198289290301425,8.198289290301425,0.0,0.0,0.0,0.0233596589511655,31,35,4,26,1,3.9,4.4,12.0
12035,10,13,0,10,0,30,39,0,30,0,19.45866007666712,25.296258099667256,0.0,19.45866007666712,0.0,0.0723440550550355,214,263,21,176,17,26.8,32.9,21.3
12036,0,0,0,0,0,0,0,0,0,0,0.0,0.0,0.0,0.0,0.0,0.0,5,8,1,4,0,0.6,1.0,8.5
12037,0,0,0,0,0,0,0,0,0,0,0.0,0.0,0.0,0.0,0.0,0.0,3,6,2,1,0,0.4,0.8,13.0
12038,23,4,0,36,0,69,12,0,108,0,54.76147014706232,9.523733938619534,0.0,85.71360544757582,0.0,0.0781660463012198,74,105,14,57,3,9.2,13.1,10.4
12039,3,1,0,4,0,9,3,0,12,0,34.49200935116698,11.497336450388993,0.0,45.98934580155597,0.0,0.059241942283371,28,41,7,20,1,3.5,5.1,19.5
12040,0,0,0,0,0,0,0,0,0,0,0.0,0.0,0.0,0.0,0.0,0.0,55,78,33,12,10,6.9,9.8,37.2
12041,1,0,0,0,0,3,0,0,0,0,10.126582278481012,0.0,0.0,0.0,0.0,0.0071156118143459,5,4,1,3,1,0.6,0.5,1.7
12042,0,0,0,0,0,0,0,0,0,0,0.0,0.0,0.0,0.0,0.0,0.0,1,2,0,1,0,0.1,0.2,1.1
12043,0,0,0,0,0,0,0,0,0,0,0.0,0.0,0.0,0.0,0.0,0.0,10,18,3,7,0,1.2,2.2,11.7
12044,0,0,0,0,0,0,0,0,0,0,0.0,0.0,0.0,0.0,0.0,0.0,2,9,1,1,0,0.2,1.1,8.9
12045,2,0,0,1,0,6,0,0,3,0,21.092596498628986,0.0,0.0,10.546298249314493,0.0,0.0171887084300077,7,14,3,3,1,0.9,1.8,6.3
12046,13,0,0,3,0,39,0,0,9,0,57.17888193293943,0.0,0.0,13.1951265999091,0.0,0.043140000293225,30,36,6,24,0,3.8,4.5,6.6
12047,0,0,0,0,0,0,0,0,0,0,0.0,0.0,0.0,0.0,0.0,0.0,1,1,1,0,0,0.1,0.1,1.4
12048,3,0,0,3,0,9,0,0,9,0,20.18706681919117,0.0,0.0,20.18706681919117,0.0,0.0187167754525267,65,93,25,30,2,8.1,11.6,26.0
12049,0,0,0,0,0,0,0,0,0,0,0.0,0.0,0.0,0.0,0.0,0.0,15,18,2,13,0,1.9,2.2,17.3
12050,4,0,0,0,1,12,0,0,0,3,31.183410425653552,0.0,0.0,0.0,7.795852606413388,0.0219115430590925,8,5,1,7,0,1.0,0.6,1.6
12051,1,0,0,0,0,3,0,0,0,0,8.30036244916028,0.0,0.0,0.0,0.0,0.0058323880142766,1,6,0,1,0,0.1,0.8,2.2
12052,4,2,0,0,0,12,6,0,0,0,25.934730927166637,12.967365463583317,0.0,0.0,0.0,0.0460600821266479,13,8,5,7,1,1.6,1.0,2.2
12053,0,0,0,1,0,0,0,0,3,0,0.0,0.0,0.0,5.9851568111084505,0.0,0.0013436677040938,15,27,7,8,0,1.9,3.4,6.8
12054,0,0,0,0,0,0,0,0,0,0,0.0,0.0,0.0,0.0,0.0,0.0,31,73,13,11,4,3.9,9.1,37.7
12055,0,1,0,7,0,0,3,0,21,0,0.0,2.8412857765234025,0.0,19.88900043566382,0.0,0.0105643740647434,102,122,16,80,6,12.8,15.2,14.4
12056,6,0,0,1,0,18,0,0,3,0,39.07691639710831,0.0,0.0,6.512819399518052,0.0,0.0289201745435599,14,30,7,5,2,1.8,3.8,8.2
12057,3,2,1,2,2,9,6,3,6,6,13.795852047151158,9.19723469810077,4.598617349050385,9.19723469810077,9.19723469810077,0.0425602035654613,36,68,9,18,5,4.5,8.5,13.0
12058,1,2,0,0,0,3,6,0,0,0,5.574446736161436,11.148893472322872,0.0,0.0,0.0,0.0278499358938625,39,35,19,13,6,4.9,4.4,8.2
12059,0,1,0,2,0,0,3,0,6,0,0.0,9.738362656625332,0.0,19.476725313250665,0.0,0.0252775433357138,17,18,5,11,1,2.1,2.2,7.1
12060,0,0,0,0,0,0,0,0,0,0,0.0,0.0,0.0,0.0,0.0,0.0,5,8,3,2,0,0.6,1.0,7.4
12061,0,0,0,0,0,0,0,0,0,0,0.0,0.0,0.0,0.0,0.0,0.0,29,39,1,26,2,3.6,4.9,11.4
12062,1,0,1,1,0,3,0,3,3,0,13.16886879417058,0.0,13.16886879417058,13.16886879417058,0.0,0.0438764760107106,6,13,0,6,0,0.8,1.6,7.0
12063,0,0,0,0,0,0,0,0,0,0,0.0,0.0,0.0,0.0,0.0,0.0,0,0,0,0,0,0.0,0.0,0.0
12064,0,0,0,0,0,0,0,0,0,0,0.0,0.0,0.0,0.0,0.0,0.0,1,1,0,1,0,0.1,0.1,0.9
12065,0,0,0,0,0,0,0,0,0,0,0.0,0.0,0.0,0.0,0.0,0.0,1,1,0,1,0,0.1,0.1,1.3
12066,9,3,0,4,0,27,9,0,12,0,28.088426527958383,9.362808842652797,0.0,12.48374512353706,0.0,0.0426382314694408,33,41,5,26,2,4.1,5.1,5.3
12067,0,0,0,0,0,0,0,0,0,0,0.0,0.0,0.0,0.0,0.0,0.0,8,5,2,5,1,1.0,0.6,2.7
12068,2,0,0,1,0,6,0,0,3,0,22.771262666514858,0.0,0.0,11.385631333257429,0.0,0.0185566814679873,22,37,10,11,1,2.8,4.6,17.5
12069,2,0,0,0,0,6,0,0,0,0,50.14206919605549,0.0,0.0,0.0,0.0,0.0352331606217616,6,2,1,3,2,0.8,0.2,1.7
12070,0,0,0,0,0,0,0,0,0,0,0.0,0.0,0.0,0.0,0.0,0.0,1,1,0,1,0,0.1,0.1,1.3
12071,7,0,0,0,0,21,0,0,0,0,70.25526078083705,0.0,0.0,0.0,0.0,0.0493660299086681,1,1,1,0,0,0.1,0.1,0.3
12072,0,0,0,0,0,0,0,0,0,0,0.0,0.0,0.0,0.0,0.0,0.0,7,17,0,7,0,0.9,2.1,17.5
12073,0,0,0,0,0,0,0,0,0,0,0.0,0.0,0.0,0.0,0.0,0.0,13,29,8,4,1,1.6,3.6,20.0
12074,0,0,0,0,0,0,0,0,0,0,0.0,0.0,0.0,0.0,0.0,0.0,12,19,4,7,1,1.5,2.4,10.9
12075,1,0,0,5,0,3,0,0,15,0,5.646952527952415,0.0,0.0,28.234762639762074,0.0,0.0103066295222678,55,77,16,36,3,6.9,9.6,18.1
12076,0,0,0,0,0,0,0,0,0,0,0.0,0.0,0.0,0.0,0.0,0.0,7,21,0,6,1,0.9,2.6,6.5
12077,1,0,0,3,0,3,0,0,9,0,21.008403361344534,0.0,0.0,63.02521008403362,0.0,0.0289110644257703,14,13,3,11,0,1.8,1.6,11.2
12078,1,1,0,0,0,3,3,0,0,0,14.12362883103432,14.12362883103432,0.0,0.0,0.0,0.0402429264158937,7,7,0,6,1,0.9,0.9,4.2
12079,0,0,0,0,0,0,0,0,0,0,0.0,0.0,0.0,0.0,0.0,0.0,9,5,2,7,0,1.1,0.6,3.3
12080,2,0,0,0,0,6,0,0,0,0,79.37557878026195,0.0,0.0,0.0,0.0,0.055774573356264,6,10,0,6,0,0.8,1.2,15.9
12081,1,0,0,0,0,3,0,0,0,0,25.687130747495505,0.0,0.0,0.0,0.0,0.0180494905385735,0,0,0,0,0,0.0,0.0,0.0
20001,0,0,0,0,0,0,0,0,0,0,0.0,0.0,0.0,0.0,0.0,0.0,0,0,0,0,0,0.0,0.0,0.0
20002,3,0,0,2,1,9,0,0,6,3,19.92605220625678,0.0,0.0,13.284034804171188,6.642017402085593,0.0169836384971328,8,20,1,7,0,1.0,2.5,5.5
20003,0,0,0,0,0,0,0,0,0,0,0.0,0.0,0.0,0.0,0.0,0.0,0,0,0,0,0,0.0,0.0,0.0
20004,0,0,0,0,0,0,0,0,0,0,0.0,0.0,0.0,0.0,0.0,0.0,0,0,0,0,0,0.0,0.0,0.0
20005,1,0,0,0,0,3,0,0,0,0,19.657951641438963,0.0,0.0,0.0,0.0,0.0138129873533844,7,8,1,5,1,0.9,1.0,6.6
20006,0,0,0,4,0,0,0,0,12,0,0.0,0.0,0.0,58.63956215793589,0.0,0.0131645817044566,7,9,0,5,2,0.9,1.1,5.4
20007,0,0,0,0,0,0,0,0,0,0,0.0,0.0,0.0,0.0,0.0,0.0,1,1,0,1,0,0.1,0.1,4.2
20008,0,0,0,0,0,0,0,0,0,0,0.0,0.0,0.0,0.0,0.0,0.0,0,0,0,0,0,0.0,0.0,0.0
20009,0,0,0,0,0,0,0,0,0,0,0.0,0.0,0.0,0.0,0.0,0.0,1,7,0,1,0,0.1,0.9,13.1
20010,2,0,0,0,0,6,0,0,0,0,44.5302063232893,0.0,0.0,0.0,0.0,0.0312898916431646,3,4,1,1,1,0.4,0.5,3.7
20011,0,0,0,0,0,0,0,0,0,0,0.0,0.0,0.0,0.0,0.0,0.0,0,0,0,0,0,0.0,0.0,0.0
20012,1,0,0,0,1,3,0,0,0,3,26.867275658248257,0.0,0.0,0.0,26.867275658248257,0.0188787390291957,1,1,0,1,0,0.1,0.1,0.9
20013,0,0,0,0,0,0,0,0,0,0,0.0,0.0,0.0,0.0,0.0,0.0,1,0,0,1,0,0.1,0.0,0.0
20014,0,0,0,2,0,0,0,0,6,0,0.0,0.0,0.0,21.365999572680007,0.0,0.0047966669040666,6,8,0,6,0,0.8,1.0,3.6
20015,0,0,0,0,0,0,0,0,0,0,0.0,0.0,0.0,0.0,0.0,0.0,0,0,0,0,0,0.0,0.0,0.0
20016,0,0,0,0,0,0,0,0,0,0,0.0,0.0,0.0,0.0,0.0,0.0,0,0,0,0,0,0.0,0.0,0.0
20017,0,0,1,0,0,0,0,3,0,0,0.0,0.0,83.17161075686165,0.0,0.0,0.2,0,0,0,0,0,0.0,0.0,0.0
20018,0,0,0,0,0,0,0,0,0,0,0.0,0.0,0.0,0.0,0.0,0.0,0,0,0,0,0,0.0,0.0,0.0
20019,0,0,0,0,0,0,0,0,0,0,0.0,0.0,0.0,0.0,0.0,0.0,1,0,0,0,1,0.1,0.0,0.0
20020,1,0,0,0,0,3,0,0,0,0,61.893955023726015,0.0,0.0,0.0,0.0,0.0434908190633381,4,5,0,4,0,0.5,0.6,12.4
20021,0,0,0,1,0,0,0,0,3,0,0.0,0.0,0.0,20.70679182771949,0.0,0.004648674765323,6,7,1,4,1,0.8,0.9,6.2
20022,0,0,0,0,0,0,0,0,0,0,0.0,0.0,0.0,0.0,0.0,0.0,0,0,0,0,0,0.0,0.0,0.0
20023,3,1,0,2,0,9,3,0,6,0,33.47965181162116,11.159883937207054,0.0,22.319767874414108,0.0,0.0524923740793095,1,1,0,1,0,0.1,0.1,0.4
20024,0,0,0,0,0,0,0,0,0,0,0.0,0.0,0.0,0.0,0.0,0.0,0,0,0,0,0,0.0,0.0,0.0
20025,2,0,0,0,0,6,0,0,0,0,52.835505459668894,0.0,0.0,0.0,0.0,0.037125748502994,7,6,0,6,1,0.9,0.8,7.0
20026,0,0,0,0,0,0,0,0,0,0,0.0,0.0,0.0,0.0,0.0,0.0,2,3,1,1,0,0.2,0.4,4.4
20027,0,0,0,0,0,0,0,0,0,0,0.0,0.0,0.0,0.0,0.0,0.0,0,0,0,0,0,0.0,0.0,0.0
20028,11,0,0,3,0,33,0,0,9,0,142.5609123898393,0.0,0.0,38.88024883359253,0.0,0.1089014169690686,7,7,0,7,0,0.9,0.9,3.9
20029,0,0,0,0,0,0,0,0,0,0,0.0,0.0,0.0,0.0,0.0,0.0,2,1,0,2,0,0.2,0.1,2.4
20030,2,0,0,3,0,6,0,0,9,0,68.72852233676977,0.0,0.0,103.09278350515464,0.0,0.0714375715922107,1,1,1,0,0,0.1,0.1,1.1
20031,0,0,0,0,0,0,0,0,0,0,0.0,0.0,0.0,0.0,0.0,0.0,0,0,0,0,0,0.0,0.0,0.0
20032,0,0,0,0,0,0,0,0,0,0,0.0,0.0,0.0,0.0,0.0,0.0,1,1,0,1,0,0.1,0.1,9.3
20033,0,0,0,0,0,0,0,0,0,0,0.0,0.0,0.0,0.0,0.0,0.0,0,0,0,0,0,0.0,0.0,0.0
20034,0,0,0,0,0,0,0,0,0,0,0.0,0.0,0.0,0.0,0.0,0.0,2,6,0,2,0,0.2,0.8,62.1
20035,0,0,0,0,0,0,0,0,0,0,0.0,0.0,0.0,0.0,0.0,0.0,0,0,0,0,0,0.0,0.0,0.0
20036,0,0,0,0,0,0,0,0,0,0,0.0,0.0,0.0,0.0,0.0,0.0,0,0,0,0,0,0.0,0.0,0.0
20037,0,0,0,0,0,0,0,0,0,0,0.0,0.0,0.0,0.0,0.0,0.0,1,1,0,1,0,0.1,0.1,2.3
20038,0,0,0,0,0,0,0,0,0,0,0.0,0.0,0.0,0.0,0.0,0.0,0,0,0,0,0,0.0,0.0,0.0
20039,5,2,0,4,0,15,6,0,12,0,19.153908035702884,7.661563214281154,0.0,15.323126428562308,0.0,0.0333456769629563,28,11,2,18,7,3.5,1.4,1.8
20040,0,0,0,1,0,0,0,0,3,0,0.0,0.0,0.0,46.98512137823023,0.0,0.0105481597494126,0,0,0,0,0,0.0,0.0,0.0
20041,1,0,1,1,0,3,0,3,3,0,9.460737937559127,0.0,9.460737937559127,9.460737937559127,0.0,0.0315216020182907,4,1,2,1,1,0.5,0.1,0.3
20042,0,0,0,3,0,0,0,0,9,0,0.0,0.0,0.0,107.3345259391771,0.0,0.0240966010733452,1,2,0,1,0,0.1,0.2,2.4
20043,22,1,0,50,0,66,3,0,150,0,58.11393854010743,2.6415426609139736,0.0,132.0771330456987,0.0,0.0761565554283701,98,106,7,84,7,12.2,13.2,11.6
20044,0,0,0,0,0,0,0,0,0,0,0.0,0.0,0.0,0.0,0.0,0.0,14,16,2,11,1,1.8,2.0,4.9
20045,0,1,0,1,0,0,3,0,3,0,0.0,38.03245436105477,0.0,38.03245436105477,0.0,0.0901812880324543,0,0,0,0,0,0.0,0.0,0.0
20046,0,0,0,0,0,0,0,0,0,0,0.0,0.0,0.0,0.0,0.0,0.0,4,4,1,3,0,0.5,0.5,17.0
20047,0,0,0,0,0,0,0,0,0,0,0.0,0.0,0.0,0.0,0.0,0.0,0,0,0,0,0,0.0,0.0,0.0
20048,0,0,0,0,0,0,0,0,0,0,0.0,0.0,0.0,0.0,0.0,0.0,0,0,0,0,0,0.0,0.0,0.0
20049,0,0,0,0,0,0,0,0,0,0,0.0,0.0,0.0,0.0,0.0,0.0,1,1,1,0,0,0.1,0.1,8.4
20050,0,0,0,0,0,0,0,0,0,0,0.0,0.0,0.0,0.0,0.0,0.0,0,0,0,0,0,0.0,0.0,0.0
20051,0,0,0,0,0,0,0,0,0,0,0.0,0.0,0.0,0.0,0.0,0.0,0,0,0,0,0,0.0,0.0,0.0
20052,1,0,0,0,0,3,0,0,0,0,50.03335557038026,0.0,0.0,0.0,0.0,0.0351567711807871,2,3,0,2,0,0.2,0.4,6.7
20053,0,0,0,0,0,0,0,0,0,0,0.0,0.0,0.0,0.0,0.0,0.0,0,0,0,0,0,0.0,0.0,0.0
20054,0,0,0,0,0,0,0,0,0,0,0.0,0.0,0.0,0.0,0.0,0.0,0,0,0,0,0,0.0,0.0,0.0
20055,0,0,0,0,0,0,0,0,0,0,0.0,0.0,0.0,0.0,0.0,0.0,1,2,1,0,0,0.1,0.2,5.3
20056,2,0,0,0,0,6,0,0,0,0,414.9377593360996,0.0,0.0,0.0,0.0,0.2915629322268326,1,1,1,0,0,0.1,0.1,6.9
20057,2,0,0,8,0,6,0,0,24,0,15.713799334782497,0.0,0.0,62.85519733912999,0.0,0.0251525548018751,32,34,8,24,0,4.0,4.2,11.0
20058,1,0,0,2,0,3,0,0,6,0,23.58119792485458,0.0,0.0,47.16239584970916,0.0,0.0271576796101241,4,9,2,2,0,0.5,1.1,8.6
20059,17,0,0,3,0,51,0,0,9,0,101.24069478908189,0.0,0.0,17.866004962779158,0.0,0.0751493796526054,16,19,0,16,0,2.0,2.4,4.8
20060,0,0,0,0,0,0,0,0,0,0,0.0,0.0,0.0,0.0,0.0,0.0,0,0,0,0,0,0.0,0.0,0.0
20061,0,0,0,0,0,0,0,0,0,0,0.0,0.0,0.0,0.0,0.0,0.0,0,0,0,0,0,0.0,0.0,0.0
20062,0,0,0,0,0,0,0,0,0,0,0.0,0.0,0.0,0.0,0.0,0.0,0,0,0,0,0,0.0,0.0,0.0
20063,0,0,0,0,0,0,0,0,0,0,0.0,0.0,0.0,0.0,0.0,0.0,0,0,0,0,0,0.0,0.0,0.0
20064,0,0,0,0,0,0,0,0,0,0,0.0,0.0,0.0,0.0,0.0,0.0,1,1,0,1,0,0.1,0.1,1.2
20065,0,0,0,0,0,0,0,0,0,0,0.0,0.0,0.0,0.0,0.0,0.0,0,0,0,0,0,0.0,0.0,0.0
20066,1,0,0,0,0,3,0,0,0,0,56.15874204417821,0.0,0.0,0.0,0.0,0.0394608760763758,6,3,1,2,3,0.8,0.4,7.5
20067,6,4,0,50,1,18,12,0,150,3,6.643169529995756,4.428779686663837,0.0,55.35974608329796,1.1071949216659591,0.0266033105128157,130,103,13,81,35,16.2,12.9,4.8
20068,2,0,1,1,0,6,0,3,3,0,25.262094227611467,0.0,12.631047113805732,12.631047113805732,0.0,0.0509599595806492,5,5,1,4,0,0.6,0.6,2.5
20069,0,0,0,0,0,0,0,0,0,0,0.0,0.0,0.0,0.0,0.0,0.0,1,0,0,1,0,0.1,0.0,0.0
20070,1,0,0,1,0,3,0,0,3,0,46.75810473815461,0.0,0.0,46.75810473815461,0.0,0.0433525561097256,0,0,0,0,0,0.0,0.0,0.0
20071,1,0,0,0,0,3,0,0,0,0,92.16589861751152,0.0,0.0,0.0,0.0,0.0647619047619047,0,0,0,0,0,0.0,0.0,0.0
20072,0,0,0,0,0,0,0,0,0,0,0.0,0.0,0.0,0.0,0.0,0.0,2,2,0,2,0,0.2,0.2,2.5
20073,4,0,0,1,0,12,0,0,3,0,34.63003578437031,0.0,0.0,8.657508946092577,0.0,0.0262769825695486,18,16,2,16,0,2.2,2.0,5.8
20074,0,0,0,0,0,0,0,0,0,0,0.0,0.0,0.0,0.0,0.0,0.0,0,0,0,0,0,0.0,0.0,0.0
20075,0,0,0,0,0,0,0,0,0,0,0.0,0.0,0.0,0.0,0.0,0.0,2,0,1,0,1,0.2,0.0,0.0
20076,0,0,0,0,0,0,0,0,0,0,0.0,0.0,0.0,0.0,0.0,0.0,0,0,0,0,0,0.0,0.0,0.0
20077,0,0,0,0,0,0,0,0,0,0,0.0,0.0,0.0,0.0,0.0,0.0,0,0,0,0,0,0.0,0.0,0.0
20078,0,0,0,0,0,0,0,0,0,0,0.0,0.0,0.0,0.0,0.0,0.0,0,0,0,0,0,0.0,0.0,0.0
20079,3,0,0,10,0,9,0,0,30,0,10.658708164570454,0.0,0.0,35.52902721523485,0.0,0.0154657855467917,36,32,2,30,4,4.5,4.0,4.7
20080,1,0,0,0,0,3,0,0,0,0,188.32391713747649,0.0,0.0,0.0,0.0,0.1323289391086001,0,0,0,0,0,0.0,0.0,0.0
20081,0,0,0,0,0,0,0,0,0,0,0.0,0.0,0.0,0.0,0.0,0.0,0,0,0,0,0,0.0,0.0,0.0
20082,0,0,0,0,0,0,0,0,0,0,0.0,0.0,0.0,0.0,0.0,0.0,0,0,0,0,0,0.0,0.0,0.0
20083,2,0,0,0,1,6,0,0,0,3,52.67316302343957,0.0,0.0,0.0,26.336581511719785,0.0370116758844702,2,2,0,2,0,0.2,0.2,1.8
20084,0,0,0,0,0,0,0,0,0,0,0.0,0.0,0.0,0.0,0.0,0.0,0,0,0,0,0,0.0,0.0,0.0
20085,3,0,0,0,0,9,0,0,0,0,34.35901351454532,0.0,0.0,0.0,0.0,0.0241429334962205,6,6,0,6,0,0.8,0.8,3.1
20086,0,0,0,0,0,0,0,0,0,0,0.0,0.0,0.0,0.0,0.0,0.0,0,0,0,0,0,0.0,0.0,0.0
20087,0,0,0,0,0,0,0,0,0,0,0.0,0.0,0.0,0.0,0.0,0.0,2,2,0,2,0,0.2,0.2,3.6
20088,0,0,0,0,0,0,0,0,0,0,0.0,0.0,0.0,0.0,0.0,0.0,0,0,0,0,0,0.0,0.0,0.0
20089,0,0,0,0,0,0,0,0,0,0,0.0,0.0,0.0,0.0,0.0,0.0,2,2,0,2,0,0.2,0.2,8.7
20090,0,0,0,0,0,0,0,0,0,0,0.0,0.0,0.0,0.0,0.0,0.0,3,4,1,2,0,0.4,0.5,8.0
20091,0,0,0,0,0,0,0,0,0,0,0.0,0.0,0.0,0.0,0.0,0.0,0,0,0,0,0,0.0,0.0,0.0
20092,0,0,0,0,0,0,0,0,0,0,0.0,0.0,0.0,0.0,0.0,0.0,0,0,0,0,0,0.0,0.0,0.0
20093,0,0,0,0,0,0,0,0,0,0,0.0,0.0,0.0,0.0,0.0,0.0,0,0,0,0,0,0.0,0.0,0.0
20094,0,0,0,0,0,0,0,0,0,0,0.0,0.0,0.0,0.0,0.0,0.0,0,0,0,0,0,0.0,0.0,0.0
20095,0,0,0,0,0,0,0,0,0,0,0.0,0.0,0.0,0.0,0.0,0.0,0,0,0,0,0,0.0,0.0,0.0
20096,0,0,0,0,0,0,0,0,0,0,0.0,0.0,0.0,0.0,0.0,0.0,0,0,0,0,0,0.0,0.0,0.0
20097,0,0,0,0,0,0,0,0,0,0,0.0,0.0,0.0,0.0,0.0,0.0,0,0,0,0,0,0.0,0.0,0.0
20098,0,0,0,0,0,0,0,0,0,0,0.0,0.0,0.0,0.0,0.0,0.0,1,3,0,1,0,0.1,0.4,9.4
20099,0,0,0,0,0,0,0,0,0,0,0.0,0.0,0.0,0.0,0.0,0.0,0,0,0,0,0,0.0,0.0,0.0
20100,0,0,0,0,0,0,0,0,0,0,0.0,0.0,0.0,0.0,0.0,0.0,0,0,0,0,0,0.0,0.0,0.0
20101,0,0,0,0,0,0,0,0,0,0,0.0,0.0,0.0,0.0,0.0,0.0,2,4,0,2,0,0.2,0.5,66.8
20102,0,0,0,1,0,0,0,0,3,0,0.0,0.0,0.0,56.32745024408562,0.0,0.0126455125797972,1,3,0,1,0,0.1,0.4,7.5
20103,1,0,0,0,0,3,0,0,0,0,49.47229551451188,0.0,0.0,0.0,0.0,0.0347625329815303,1,1,0,1,0,0.1,0.1,1.6
20104,0,0,0,0,0,0,0,0,0,0,0.0,0.0,0.0,0.0,0.0,0.0,0,0,0,0,0,0.0,0.0,0.0
20105,0,0,0,0,0,0,0,0,0,0,0.0,0.0,0.0,0.0,0.0,0.0,0,0,0,0,0,0.0,0.0,0.0
20106,0,0,0,0,0,0,0,0,0,0,0.0,0.0,0.0,0.0,0.0,0.0,0,0,0,0,0,0.0,0.0,0.0
20107,1,1,0,0,0,3,3,0,0,0,11.414656418841792,11.414656418841792,0.0,0.0,0.0,0.0325241610227532,6,7,1,5,0,0.8,0.9,3.4
20108,0,0,0,0,0,0,0,0,0,0,0.0,0.0,0.0,0.0,0.0,0.0,0,0,0,0,0,0.0,0.0,0.0
20109,0,0,0,0,0,0,0,0,0,0,0.0,0.0,0.0,0.0,0.0,0.0,0,0,0,0,0,0.0,0.0,0.0
20110,0,0,0,0,0,0,0,0,0,0,0.0,0.0,0.0,0.0,0.0,0.0,0,0,0,0,0,0.0,0.0,0.0
20111,0,0,0,0,0,0,0,0,0,0,0.0,0.0,0.0,0.0,0.0,0.0,1,0,0,1,0,0.1,0.0,0.0
20112,0,1,0,0,0,0,3,0,0,0,0.0,116.45962732919254,0.0,0.0,0.0,0.25,0,0,0,0,0,0.0,0.0,0.0
20113,0,0,0,0,0,0,0,0,0,0,0.0,0.0,0.0,0.0,0.0,0.0,1,1,0,1,0,0.1,0.1,3.2
20114,0,0,0,0,0,0,0,0,0,0,0.0,0.0,0.0,0.0,0.0,0.0,0,0,0,0,0,0.0,0.0,0.0
20115,0,0,0,1,0,0,0,0,3,0,0.0,0.0,0.0,28.8711384852276,0.0,0.0064815705899335,4,2,1,2,1,0.5,0.2,1.9
20116,0,0,0,0,0,0,0,0,0,0,0.0,0.0,0.0,0.0,0.0,0.0,0,0,0,0,0,0.0,0.0,0.0
20117,0,0,0,0,0,0,0,0,0,0,0.0,0.0,0.0,0.0,0.0,0.0,0,0,0,0,0,0.0,0.0,0.0
20118,0,0,0,0,0,0,0,0,0,0,0.0,0.0,0.0,0.0,0.0,0.0,0,0,0,0,0,0.0,0.0,0.0
20119,0,0,0,0,0,0,0,0,0,0,0.0,0.0,0.0,0.0,0.0,0.0,0,0,0,0,0,0.0,0.0,0.0
20120,0,0,0,1,0,0,0,0,3,0,0.0,0.0,0.0,668.15144766147,0.0,0.15,0,0,0,0,0,0.0,0.0,0.0
20121,0,0,0,0,0,0,0,0,0,0,0.0,0.0,0.0,0.0,0.0,0.0,2,1,0,2,0,0.2,0.1,16.8
20122,0,0,0,0,0,0,0,0,0,0,0.0,0.0,0.0,0.0,0.0,0.0,1,13,1,0,0,0.1,1.6,245.0
20123,0,0,0,0,0,0,0,0,0,0,0.0,0.0,0.0,0.0,0.0,0.0,0,0,0,0,0,0.0,0.0,0.0
20124,4,0,0,2,0,12,0,0,6,0,60.92607636068237,0.0,0.0,30.463038180341183,0.0,0.049649675060926,3,3,0,3,0,0.4,0.4,2.0
20125,1,0,0,1,0,3,0,0,3,0,25.72457554450352,0.0,0.0,25.72457554450352,0.0,0.0238509689590121,2,1,0,2,0,0.2,0.1,0.9
20126,0,0,0,0,0,0,0,0,0,0,0.0,0.0,0.0,0.0,0.0,0.0,1,0,0,0,1,0.1,0.0,0.0
20127,0,0,0,0,0,0,0,0,0,0,0.0,0.0,0.0,0.0,0.0,0.0,0,0,0,0,0,0.0,0.0,0.0
20128,0,0,0,0,0,0,0,0,0,0,0.0,0.0,0.0,0.0,0.0,0.0,0,0,0,0,0,0.0,0.0,0.0
20129,0,0,0,0,0,0,0,0,0,0,0.0,0.0,0.0,0.0,0.0,0.0,0,0,0,0,0,0.0,0.0,0.0
20130,0,0,0,0,0,0,0,0,0,0,0.0,0.0,0.0,0.0,0.0,0.0,1,0,0,1,0,0.1,0.0,0.0
20131,0,0,0,0,0,0,0,0,0,0,0.0,0.0,0.0,0.0,0.0,0.0,1,1,0,1,0,0.1,0.1,0.9
20132,1,0,0,0,0,3,0,0,0,0,217.3913043478261,0.0,0.0,0.0,0.0,0.1527536231884058,0,0,0,0,0,0.0,0.0,0.0
20133,0,0,0,0,0,0,0,0,0,0,0.0,0.0,0.0,0.0,0.0,0.0,4,9,0,4,0,0.5,1.1,28.0
20134,1,0,1,1,0,3,0,3,3,0,10.526315789473683,0.0,10.526315789473683,10.526315789473683,0.0,0.0350719298245614,10,13,3,7,0,1.2,1.6,5.6
20135,2,0,0,0,0,6,0,0,0,0,72.89515247236058,0.0,0.0,0.0,0.0,0.051220993803912,1,1,0,1,0,0.1,0.1,1.2
20136,0,0,0,0,0,0,0,0,0,0,0.0,0.0,0.0,0.0,0.0,0.0,1,1,0,1,0,0.1,0.1,0.8
20137,0,0,0,0,0,0,0,0,0,0,0.0,0.0,0.0,0.0,0.0,0.0,0,0,0,0,0,0.0,0.0,0.0
20138,0,0,0,0,0,0,0,0,0,0,0.0,0.0,0.0,0.0,0.0,0.0,0,0,0,0,0,0.0,0.0,0.0
20139,0,0,0,0,0,0,0,0,0,0,0.0,0.0,0.0,0.0,0.0,0.0,0,0,0,0,0,0.0,0.0,0.0
20140,0,0,0,0,0,0,0,0,0,0,0.0,0.0,0.0,0.0,0.0,0.0,0,0,0,0,0,0.0,0.0,0.0
20141,0,0,0,0,0,0,0,0,0,0,0.0,0.0,0.0,0.0,0.0,0.0,12,10,3,5,4,1.5,1.2,13.8
20142,0,0,0,0,0,0,0,0,0,0,0.0,0.0,0.0,0.0,0.0,0.0,0,0,0,0,0,0.0,0.0,0.0
20143,0,0,0,0,0,0,0,0,0,0,0.0,0.0,0.0,0.0,0.0,0.0,5,5,3,2,0,0.6,0.6,6.3
20144,0,0,0,0,0,0,0,0,0,0,0.0,0.0,0.0,0.0,0.0,0.0,0,0,0,0,0,0.0,0.0,0.0
20145,1,0,0,2,0,3,0,0,6,0,57.52636625119846,0.0,0.0,115.05273250239692,0.0,0.0662511984659635,0,0,0,0,0,0.0,0.0,0.0
20146,0,0,0,0,0,0,0,0,0,0,0.0,0.0,0.0,0.0,0.0,0.0,0,0,0,0,0,0.0,0.0,0.0
20147,0,0,0,0,0,0,0,0,0,0,0.0,0.0,0.0,0.0,0.0,0.0,0,0,0,0,0,0.0,0.0,0.0
20148,0,0,0,0,0,0,0,0,0,0,0.0,0.0,0.0,0.0,0.0,0.0,0,0,0,0,0,0.0,0.0,0.0
20149,0,0,0,0,0,0,0,0,0,0,0.0,0.0,0.0,0.0,0.0,0.0,0,0,0,0,0,0.0,0.0,0.0
20150,0,0,0,0,0,0,0,0,0,0,0.0,0.0,0.0,0.0,0.0,0.0,2,3,0,1,1,0.2,0.4,2.9
20151,0,0,0,0,0,0,0,0,0,0,0.0,0.0,0.0,0.0,0.0,0.0,0,0,0,0,0,0.0,0.0,0.0
20152,0,0,0,0,0,0,0,0,0,0,0.0,0.0,0.0,0.0,0.0,0.0,0,0,0,0,0,0.0,0.0,0.0
20153,3,0,0,0,0,9,0,0,0,0,183.29938900203663,0.0,0.0,0.0,0.0,0.1287983706720977,4,9,1,3,0,0.5,1.1,22.4
20154,1,0,0,0,0,3,0,0,0,0,128.81064834693,0.0,0.0,0.0,0.0,0.0905109489051095,0,0,0,0,0,0.0,0.0,0.0
20155,0,0,0,0,0,0,0,0,0,0,0.0,0.0,0.0,0.0,0.0,0.0,0,0,0,0,0,0.0,0.0,0.0
20156,0,0,0,0,0,0,0,0,0,0,0.0,0.0,0.0,0.0,0.0,0.0,0,0,0,0,0,0.0,0.0,0.0
20157,0,0,0,3,0,0,0,0,9,0,0.0,0.0,0.0,53.48546978070957,0.0,0.0120074879657692,0,0,0,0,0,0.0,0.0,0.0
20158,0,0,0,0,0,0,0,0,0,0,0.0,0.0,0.0,0.0,0.0,0.0,0,0,0,0,0,0.0,0.0,0.0
20159,0,0,0,0,0,0,0,0,0,0,0.0,0.0,0.0,0.0,0.0,0.0,0,0,0,0,0,0.0,0.0,0.0
20160,0,0,0,0,0,0,0,0,0,0,0.0,0.0,0.0,0.0,0.0,0.0,0,0,0,0,0,0.0,0.0,0.0
20161,0,0,0,0,0,0,0,0,0,0,0.0,0.0,0.0,0.0,0.0,0.0,0,0,0,0,0,0.0,0.0,0.0
20162,0,0,0,0,0,0,0,0,0,0,0.0,0.0,0.0,0.0,0.0,0.0,0,0,0,0,0,0.0,0.0,0.0
20163,0,0,0,0,0,0,0,0,0,0,0.0,0.0,0.0,0.0,0.0,0.0,0,0,0,0,0,0.0,0.0,0.0
20164,0,0,0,0,0,0,0,0,0,0,0.0,0.0,0.0,0.0,0.0,0.0,0,0,0,0,0,0.0,0.0,0.0
20165,0,0,0,0,0,0,0,0,0,0,0.0,0.0,0.0,0.0,0.0,0.0,0,0,0,0,0,0.0,0.0,0.0
20166,0,0,0,0,0,0,0,0,0,0,0.0,0.0,0.0,0.0,0.0,0.0,1,2,0,1,0,0.1,0.2,1.8
20167,1,0,0,1,0,3,0,0,3,0,139.59981386691484,0.0,0.0,139.59981386691484,0.0,0.1294322940902745,0,0,0,0,0,0.0,0.0,0.0
20168,1,0,0,0,0,3,0,0,0,0,319.8294243070362,0.0,0.0,0.0,0.0,0.2247334754797441,0,0,0,0,0,0.0,0.0,0.0
20169,0,0,0,0,0,0,0,0,0,0,0.0,0.0,0.0,0.0,0.0,0.0,1,1,0,1,0,0.1,0.1,2.4
20170,0,0,0,0,0,0,0,0,0,0,0.0,0.0,0.0,0.0,0.0,0.0,0,0,0,0,0,0.0,0.0,0.0
20171,0,0,0,0,0,0,0,0,0,0,0.0,0.0,0.0,0.0,0.0,0.0,2,3,1,1,0,0.2,0.4,2.2
20172,0,0,0,0,0,0,0,0,0,0,0.0,0.0,0.0,0.0,0.0,0.0,0,0,0,0,0,0.0,0.0,0.0
20173,0,0,0,0,0,0,0,0,0,0,0.0,0.0,0.0,0.0,0.0,0.0,1,1,0,1,0,0.1,0.1,6.9
20174,0,0,0,1,0,0,0,0,3,0,0.0,0.0,0.0,65.73181419807187,0.0,0.0147567922874671,3,2,1,2,0,0.4,0.2,4.4
20175,0,0,0,0,0,0,0,0,0,0,0.0,0.0,0.0,0.0,0.0,0.0,0,0,0,0,0,0.0,0.0,0.0
20176,0,0,0,0,0,0,0,0,0,0,0.0,0.0,0.0,0.0,0.0,0.0,0,0,0,0,0,0.0,0.0,0.0
20177,0,0,0,3,0,0,0,0,9,0,0.0,0.0,0.0,86.83068017366136,0.0,0.0194934876989869,0,0,0,0,0,0.0,0.0,0.0
20178,0,0,0,0,0,0,0,0,0,0,0.0,0.0,0.0,0.0,0.0,0.0,0,0,0,0,0,0.0,0.0,0.0
20179,0,0,0,0,0,0,0,0,0,0,0.0,0.0,0.0,0.0,0.0,0.0,0,0,0,0,0,0.0,0.0,0.0
20180,0,0,0,0,0,0,0,0,0,0,0.0,0.0,0.0,0.0,0.0,0.0,1,1,0,1,0,0.1,0.1,4.3
20181,0,0,0,0,0,0,0,0,0,0,0.0,0.0,0.0,0.0,0.0,0.0,0,0,0,0,0,0.0,0.0,0.0
20182,0,0,0,0,0,0,0,0,0,0,0.0,0.0,0.0,0.0,0.0,0.0,1,0,0,1,0,0.1,0.0,0.0
20183,0,0,0,0,0,0,0,0,0,0,0.0,0.0,0.0,0.0,0.0,0.0,0,0,0,0,0,0.0,0.0,0.0
20184,2,0,2,14,0,6,0,6,42,0,3.762887891026767,0.0,3.762887891026767,26.34021523718737,0.0,0.0176059252941324,64,86,7,56,0,8.0,10.8,6.8
20185,0,0,0,3,0,0,0,0,9,0,0.0,0.0,0.0,100.68240295335048,0.0,0.0226031994630271,5,8,2,3,0,0.6,1.0,11.2
20186,0,0,0,0,0,0,0,0,0,0,0.0,0.0,0.0,0.0,0.0,0.0,0,0,0,0,0,0.0,0.0,0.0
20187,0,0,0,0,0,0,0,0,0,0,0.0,0.0,0.0,0.0,0.0,0.0,0,0,0,0,0,0.0,0.0,0.0
20188,1,0,0,1,0,3,0,0,3,0,31.220730565095224,0.0,0.0,31.220730565095224,0.0,0.0289468206889374,0,0,0,0,0,0.0,0.0,0.0
20189,0,0,0,0,0,0,0,0,0,0,0.0,0.0,0.0,0.0,0.0,0.0,0,0,0,0,0,0.0,0.0,0.0
20190,3,1,0,0,0,9,3,0,0,0,40.099803956514,13.366601318837995,0.0,0.0,0.0,0.0568704330778827,7,15,2,5,0,0.9,1.9,8.5
20191,0,0,0,0,0,0,0,0,0,0,0.0,0.0,0.0,0.0,0.0,0.0,0,0,0,0,0,0.0,0.0,0.0
20192,0,0,0,0,0,0,0,0,0,0,0.0,0.0,0.0,0.0,0.0,0.0,0,0,0,0,0,0.0,0.0,0.0
20193,0,0,0,0,0,0,0,0,0,0,0.0,0.0,0.0,0.0,0.0,0.0,0,0,0,0,0,0.0,0.0,0.0
20194,0,0,0,0,0,0,0,0,0,0,0.0,0.0,0.0,0.0,0.0,0.0,0,0,0,0,0,0.0,0.0,0.0
20195,0,0,0,0,0,0,0,0,0,0,0.0,0.0,0.0,0.0,0.0,0.0,0,0,0,0,0,0.0,0.0,0.0
20196,0,0,0,0,0,0,0,0,0,0,0.0,0.0,0.0,0.0,0.0,0.0,0,0,0,0,0,0.0,0.0,0.0
20197,1,0,0,0,0,3,0,0,0,0,91.24087591240875,0.0,0.0,0.0,0.0,0.0641119221411192,0,0,0,0,0,0.0,0.0,0.0
20198,2,0,0,2,0,6,0,0,6,0,20.132876988121605,0.0,0.0,20.132876988121605,0.0,0.0186665324474867,7,9,0,7,0,0.9,1.1,3.7
20199,0,0,0,0,0,0,0,0,0,0,0.0,0.0,0.0,0.0,0.0,0.0,0,0,0,0,0,0.0,0.0,0.0
20200,0,0,0,0,0,0,0,0,0,0,0.0,0.0,0.0,0.0,0.0,0.0,2,4,0,2,0,0.2,0.5,13.5
20201,0,0,0,0,0,0,0,0,0,0,0.0,0.0,0.0,0.0,0.0,0.0,0,0,0,0,0,0.0,0.0,0.0
20202,0,0,0,1,0,0,0,0,3,0,0.0,0.0,0.0,65.5451168887918,0.0,0.0147148787415337,0,0,0,0,0,0.0,0.0,0.0
20203,1,0,0,0,0,3,0,0,0,0,84.79366873940079,0.0,0.0,0.0,0.0,0.0595816845675522,1,6,0,1,0,0.1,0.8,22.6
20204,0,0,0,0,0,0,0,0,0,0,0.0,0.0,0.0,0.0,0.0,0.0,1,0,0,1,0,0.1,0.0,0.0
20205,1,0,0,0,0,3,0,0,0,0,17.658484901995408,0.0,0.0,0.0,0.0,0.0124080287244687,3,5,0,3,0,0.4,0.6,3.5
20206,0,0,0,0,0,0,0,0,0,0,0.0,0.0,0.0,0.0,0.0,0.0,0,0,0,0,0,0.0,0.0,0.0
20207,1,0,0,0,0,3,0,0,0,0,15.762925598991172,0.0,0.0,0.0,0.0,0.0110760823875577,2,2,1,1,0,0.2,0.2,1.1
20208,2,0,0,0,0,6,0,0,0,0,86.44287566633051,0.0,0.0,0.0,0.0,0.0607405273015415,6,9,1,4,1,0.8,1.1,15.8
20209,0,0,0,0,0,0,0,0,0,0,0.0,0.0,0.0,0.0,0.0,0.0,0,0,0,0,0,0.0,0.0,0.0
20210,0,0,0,0,0,0,0,0,0,0,0.0,0.0,0.0,0.0,0.0,0.0,2,8,0,2,0,0.2,1.0,17.3
20211,1,0,0,0,0,3,0,0,0,0,87.95074758135445,0.0,0.0,0.0,0.0,0.0618000586338317,0,0,0,0,0,0.0,0.0,0.0
20212,0,0,0,0,0,0,0,0,0,0,0.0,0.0,0.0,0.0,0.0,0.0,0,0,0,0,0,0.0,0.0,0.0
20213,0,0,0,0,0,0,0,0,0,0,0.0,0.0,0.0,0.0,0.0,0.0,0,0,0,0,0,0.0,0.0,0.0
20214,0,0,0,1,1,0,0,0,3,3,0.0,0.0,0.0,147.56517461878997,147.56517461878997,0.0331283817019183,0,0,0,0,0,0.0,0.0,0.0
20215,0,0,0,0,0,0,0,0,0,0,0.0,0.0,0.0,0.0,0.0,0.0,0,0,0,0,0,0.0,0.0,0.0
20216,0,0,0,0,0,0,0,0,0,0,0.0,0.0,0.0,0.0,0.0,0.0,0,0,0,0,0,0.0,0.0,0.0
20217,0,0,0,0,0,0,0,0,0,0,0.0,0.0,0.0,0.0,0.0,0.0,0,0,0,0,0,0.0,0.0,0.0
20218,0,0,0,0,0,0,0,0,0,0,0.0,0.0,0.0,0.0,0.0,0.0,0,0,0,0,0,0.0,0.0,0.0
20219,0,0,0,0,0,0,0,0,0,0,0.0,0.0,0.0,0.0,0.0,0.0,0,0,0,0,0,0.0,0.0,0.0
20220,0,0,0,0,0,0,0,0,0,0,0.0,0.0,0.0,0.0,0.0,0.0,0,0,0,0,0,0.0,0.0,0.0
20221,0,0,0,0,0,0,0,0,0,0,0.0,0.0,0.0,0.0,0.0,0.0,0,0,0,0,0,0.0,0.0,0.0
20222,0,0,0,0,0,0,0,0,0,0,0.0,0.0,0.0,0.0,0.0,0.0,0,0,0,0,0,0.0,0.0,0.0
20223,0,0,0,0,0,0,0,0,0,0,0.0,0.0,0.0,0.0,0.0,0.0,0,0,0,0,0,0.0,0.0,0.0
20224,0,0,0,0,0,0,0,0,0,0,0.0,0.0,0.0,0.0,0.0,0.0,0,0,0,0,0,0.0,0.0,0.0
20225,1,0,0,1,0,3,0,0,3,0,50.82161612739285,0.0,0.0,50.82161612739285,0.0,0.0471201084194477,0,0,0,0,0,0.0,0.0,0.0
20226,0,0,0,0,0,0,0,0,0,0,0.0,0.0,0.0,0.0,0.0,0.0,0,0,0,0,0,0.0,0.0,0.0
20227,0,0,0,0,0,0,0,0,0,0,0.0,0.0,0.0,0.0,0.0,0.0,5,7,0,5,0,0.6,0.9,4.9
20228,0,0,0,0,0,0,0,0,0,0,0.0,0.0,0.0,0.0,0.0,0.0,0,0,0,0,0,0.0,0.0,0.0
20229,0,0,0,0,0,0,0,0,0,0,0.0,0.0,0.0,0.0,0.0,0.0,1,1,0,1,0,0.1,0.1,1.1
20230,0,0,0,0,0,0,0,0,0,0,0.0,0.0,0.0,0.0,0.0,0.0,0,0,0,0,0,0.0,0.0,0.0
20231,0,0,0,0,0,0,0,0,0,0,0.0,0.0,0.0,0.0,0.0,0.0,0,0,0,0,0,0.0,0.0,0.0
20232,0,0,0,0,0,0,0,0,0,0,0.0,0.0,0.0,0.0,0.0,0.0,1,3,1,0,0,0.1,0.4,1.8
20233,0,0,0,0,0,0,0,0,0,0,0.0,0.0,0.0,0.0,0.0,0.0,0,0,0,0,0,0.0,0.0,0.0
20234,0,0,0,0,0,0,0,0,0,0,0.0,0.0,0.0,0.0,0.0,0.0,1,1,0,1,0,0.1,0.1,1.4
20235,0,0,0,0,0,0,0,0,0,0,0.0,0.0,0.0,0.0,0.0,0.0,0,0,0,0,0,0.0,0.0,0.0
20236,0,0,0,0,0,0,0,0,0,0,0.0,0.0,0.0,0.0,0.0,0.0,0,0,0,0,0,0.0,0.0,0.0
20237,0,0,0,0,0,0,0,0,0,0,0.0,0.0,0.0,0.0,0.0,0.0,0,0,0,0,0,0.0,0.0,0.0
20238,0,0,0,0,0,0,0,0,0,0,0.0,0.0,0.0,0.0,0.0,0.0,1,1,0,1,0,0.1,0.1,10.1
20239,0,0,0,0,0,0,0,0,0,0,0.0,0.0,0.0,0.0,0.0,0.0,0,0,0,0,0,0.0,0.0,0.0
20240,1,0,0,0,0,3,0,0,0,0,109.13059294288831,0.0,0.0,0.0,0.0,0.0766824299745362,4,7,0,4,0,0.5,0.9,32.7
20241,0,0,0,0,0,0,0,0,0,0,0.0,0.0,0.0,0.0,0.0,0.0,0,0,0,0,0,0.0,0.0,0.0
20242,0,0,0,0,0,0,0,0,0,0,0.0,0.0,0.0,0.0,0.0,0.0,2,0,1,1,0,0.2,0.0,0.0
20243,0,0,0,0,0,0,0,0,0,0,0.0,0.0,0.0,0.0,0.0,0.0,1,1,0,1,0,0.1,0.1,5.1
20244,0,0,0,1,0,0,0,0,3,0,0.0,0.0,0.0,76.2582613116421,0.0,0.0171199796644636,0,0,0,0,0,0.0,0.0,0.0
20245,0,0,0,0,0,0,0,0,0,0,0.0,0.0,0.0,0.0,0.0,0.0,0,0,0,0,0,0.0,0.0,0.0
20246,0,0,0,0,0,0,0,0,0,0,0.0,0.0,0.0,0.0,0.0,0.0,0,0,0,0,0,0.0,0.0,0.0
20247,0,0,0,0,0,0,0,0,0,0,0.0,0.0,0.0,0.0,0.0,0.0,0,0,0,0,0,0.0,0.0,0.0
20248,0,0,0,0,0,0,0,0,0,0,0.0,0.0,0.0,0.0,0.0,0.0,3,16,2,1,0,0.4,2.0,12.8
20249,0,0,0,0,0,0,0,0,0,0,0.0,0.0,0.0,0.0,0.0,0.0,0,0,0,0,0,0.0,0.0,0.0
20250,0,0,0,0,0,0,0,0,0,0,0.0,0.0,0.0,0.0,0.0,0.0,0,0,0,0,0,0.0,0.0,0.0
20251,1,0,0,0,0,3,0,0,0,0,246.50780608052588,0.0,0.0,0.0,0.0,0.1732128184059161,1,4,0,1,0,0.1,0.5,41.1
20252,0,0,0,0,0,0,0,0,0,0,0.0,0.0,0.0,0.0,0.0,0.0,0,0,0,0,0,0.0,0.0,0.0
20253,0,0,0,0,0,0,0,0,0,0,0.0,0.0,0.0,0.0,0.0,0.0,0,0,0,0,0,0.0,0.0,0.0
20254,0,0,0,1,0,0,0,0,3,0,0.0,0.0,0.0,93.54536950420956,0.0,0.021000935453695,0,0,0,0,0,0.0,0.0,0.0
20255,0,0,0,0,0,0,0,0,0,0,0.0,0.0,0.0,0.0,0.0,0.0,0,0,0,0,0,0.0,0.0,0.0
20256,0,0,0,0,0,0,0,0,0,0,0.0,0.0,0.0,0.0,0.0,0.0,0,0,0,0,0,0.0,0.0,0.0
20257,0,0,0,0,0,0,0,0,0,0,0.0,0.0,0.0,0.0,0.0,0.0,0,0,0,0,0,0.0,0.0,0.0
20258,0,0,0,0,0,0,0,0,0,0,0.0,0.0,0.0,0.0,0.0,0.0,0,0,0,0,0,0.0,0.0,0.0
20259,0,0,0,0,0,0,0,0,0,0,0.0,0.0,0.0,0.0,0.0,0.0,0,0,0,0,0,0.0,0.0,0.0
20260,0,0,0,0,0,0,0,0,0,0,0.0,0.0,0.0,0.0,0.0,0.0,0,0,0,0,0,0.0,0.0,0.0
20261,1,0,0,0,0,3,0,0,0,0,43.27755337564916,0.0,0.0,0.0,0.0,0.0304096941719561,0,0,0,0,0,0.0,0.0,0.0
20262,0,0,0,0,0,0,0,0,0,0,0.0,0.0,0.0,0.0,0.0,0.0,0,0,0,0,0,0.0,0.0,0.0
20263,0,0,0,0,0,0,0,0,0,0,0.0,0.0,0.0,0.0,0.0,0.0,0,0,0,0,0,0.0,0.0,0.0
20264,0,0,0,0,0,0,0,0,0,0,0.0,0.0,0.0,0.0,0.0,0.0,0,0,0,0,0,0.0,0.0,0.0
20265,0,0,0,0,0,0,0,0,0,0,0.0,0.0,0.0,0.0,0.0,0.0,1,1,1,0,0,0.1,0.1,1.5
20266,3,0,0,0,0,9,0,0,0,0,105.25084785405215,0.0,0.0,0.0,0.0,0.0739562624254473,4,4,0,4,0,0.5,0.5,5.8
20267,0,0,0,0,0,0,0,0,0,0,0.0,0.0,0.0,0.0,0.0,0.0,0,0,0,0,0,0.0,0.0,0.0
20268,0,0,0,0,0,0,0,0,0,0,0.0,0.0,0.0,0.0,0.0,0.0,0,0,0,0,0,0.0,0.0,0.0
20269,0,0,0,0,0,0,0,0,0,0,0.0,0.0,0.0,0.0,0.0,0.0,5,11,1,3,1,0.6,1.4,32.5
20270,0,0,0,0,0,0,0,0,0,0,0.0,0.0,0.0,0.0,0.0,0.0,0,0,0,0,0,0.0,0.0,0.0
20271,0,0,0,0,0,0,0,0,0,0,0.0,0.0,0.0,0.0,0.0,0.0,0,0,0,0,0,0.0,0.0,0.0
20272,5,0,0,0,0,15,0,0,0,0,239.92322456813815,0.0,0.0,0.0,0.0,0.1685860524632118,1,1,0,1,0,0.1,0.1,1.6
20273,0,0,0,0,0,0,0,0,0,0,0.0,0.0,0.0,0.0,0.0,0.0,0,0,0,0,0,0.0,0.0,0.0
20274,0,0,0,0,0,0,0,0,0,0,0.0,0.0,0.0,0.0,0.0,0.0,0,0,0,0,0,0.0,0.0,0.0
20275,0,0,0,0,0,0,0,0,0,0,0.0,0.0,0.0,0.0,0.0,0.0,5,5,3,2,0,0.6,0.6,8.2
20276,0,0,0,0,0,0,0,0,0,0,0.0,0.0,0.0,0.0,0.0,0.0,0,0,0,0,0,0.0,0.0,0.0
20277,1,0,0,0,0,3,0,0,0,0,24.291497975708506,0.0,0.0,0.0,0.0,0.0170688259109311,3,7,2,1,0,0.4,0.9,7.3
20278,3,0,0,0,0,9,0,0,0,0,23.26663564448581,0.0,0.0,0.0,0.0,0.0163486893128586,27,41,2,25,0,3.4,5.1,13.2
20279,0,0,0,0,0,0,0,0,0,0,0.0,0.0,0.0,0.0,0.0,0.0,0,0,0,0,0,0.0,0.0,0.0
20280,0,0,0,0,0,0,0,0,0,0,0.0,0.0,0.0,0.0,0.0,0.0,0,0,0,0,0,0.0,0.0,0.0
20281,0,0,0,0,0,0,0,0,0,0,0.0,0.0,0.0,0.0,0.0,0.0,0,0,0,0,0,0.0,0.0,0.0
20282,0,0,0,0,0,0,0,0,0,0,0.0,0.0,0.0,0.0,0.0,0.0,0,0,0,0,0,0.0,0.0,0.0
20283,0,0,0,0,0,0,0,0,0,0,0.0,0.0,0.0,0.0,0.0,0.0,0,0,0,0,0,0.0,0.0,0.0
20284,0,0,0,0,0,0,0,0,0,0,0.0,0.0,0.0,0.0,0.0,0.0,0,0,0,0,0,0.0,0.0,0.0
20285,0,0,0,1,0,0,0,0,3,0,0.0,0.0,0.0,81.78844056706652,0.0,0.0183615049073064,0,0,0,0,0,0.0,0.0,0.0
20286,0,0,0,0,0,0,0,0,0,0,0.0,0.0,0.0,0.0,0.0,0.0,1,1,0,1,0,0.1,0.1,3.2
20287,0,0,0,0,0,0,0,0,0,0,0.0,0.0,0.0,0.0,0.0,0.0,0,0,0,0,0,0.0,0.0,0.0
20288,0,0,0,0,0,0,0,0,0,0,0.0,0.0,0.0,0.0,0.0,0.0,0,0,0,0,0,0.0,0.0,0.0
20289,0,0,0,0,0,0,0,0,0,0,0.0,0.0,0.0,0.0,0.0,0.0,4,6,1,3,0,0.5,0.8,65.9
20290,0,0,0,0,0,0,0,0,0,0,0.0,0.0,0.0,0.0,0.0,0.0,0,0,0,0,0,0.0,0.0,0.0
20291,1,0,0,0,0,3,0,0,0,0,69.63788300835655,0.0,0.0,0.0,0.0,0.0489322191272052,1,3,1,0,0,0.1,0.4,9.3
20292,0,0,0,0,0,0,0,0,0,0,0.0,0.0,0.0,0.0,0.0,0.0,2,1,1,0,1,0.2,0.1,6.6
20293,0,0,0,1,0,0,0,0,3,0,0.0,0.0,0.0,17.527459686842718,0.0,0.0039349146996961,5,5,1,4,0,0.6,0.6,3.5
20294,1,0,0,0,0,3,0,0,0,0,42.643923240938165,0.0,0.0,0.0,0.0,0.0299644633972992,6,4,0,5,1,0.8,0.5,7.1
20295,2,0,0,0,0,6,0,0,0,0,59.880239520958085,0.0,0.0,0.0,0.0,0.0420758483033932,1,1,1,0,0,0.1,0.1,1.0
20296,0,0,0,0,0,0,0,0,0,0,0.0,0.0,0.0,0.0,0.0,0.0,0,0,0,0,0,0.0,0.0,0.0
20297,0,0,0,0,0,0,0,0,0,0,0.0,0.0,0.0,0.0,0.0,0.0,0,0,0,0,0,0.0,0.0,0.0
20298,1,0,0,0,0,3,0,0,0,0,22.079929344226095,0.0,0.0,0.0,0.0,0.0155148303525428,2,0,0,1,1,0.2,0.0,0.0
20299,0,0,0,0,0,0,0,0,0,0,0.0,0.0,0.0,0.0,0.0,0.0,0,0,0,0,0,0.0,0.0,0.0
20300,0,0,0,0,0,0,0,0,0,0,0.0,0.0,0.0,0.0,0.0,0.0,1,1,0,1,0,0.1,0.1,1.5
20301,0,0,0,1,0,0,0,0,3,0,0.0,0.0,0.0,188.20577164366367,0.0,0.0422521957340025,0,0,0,0,0,0.0,0.0,0.0
20302,2,0,0,0,0,6,0,0,0,0,131.60780872998464,0.0,0.0,0.0,0.0,0.0924764202676025,0,0,0,0,0,0.0,0.0,0.0
20303,0,0,0,0,0,0,0,0,0,0,0.0,0.0,0.0,0.0,0.0,0.0,0,0,0,0,0,0.0,0.0,0.0
20304,0,0,0,0,0,0,0,0,0,0,0.0,0.0,0.0,0.0,0.0,0.0,0,0,0,0,0,0.0,0.0,0.0
20305,0,0,0,0,0,0,0,0,0,0,0.0,0.0,0.0,0.0,0.0,0.0,2,2,0,2,0,0.2,0.2,4.6
20306,0,0,0,0,0,0,0,0,0,0,0.0,0.0,0.0,0.0,0.0,0.0,0,0,0,0,0,0.0,0.0,0.0
20307,0,0,0,0,0,0,0,0,0,0,0.0,0.0,0.0,0.0,0.0,0.0,3,4,0,3,0,0.4,0.5,5.1
20308,0,0,0,0,0,0,0,0,0,0,0.0,0.0,0.0,0.0,0.0,0.0,0,0,0,0,0,0.0,0.0,0.0
20309,1,0,0,0,0,3,0,0,0,0,28.935185185185183,0.0,0.0,0.0,0.0,0.0203317901234567,2,1,0,1,1,0.2,0.1,1.0
20310,2,0,0,0,0,6,0,0,0,0,41.23144584936779,0.0,0.0,0.0,0.0,0.0289719626168224,1,1,0,1,0,0.1,0.1,0.7
20311,0,0,0,0,0,0,0,0,0,0,0.0,0.0,0.0,0.0,0.0,0.0,0,0,0,0,0,0.0,0.0,0.0
20312,2,0,0,2,0,6,0,0,6,0,53.19620533735261,0.0,0.0,53.19620533735261,0.0,0.0493217483819487,1,1,0,1,0,0.1,0.1,0.9
20313,0,0,0,0,0,0,0,0,0,0,0.0,0.0,0.0,0.0,0.0,0.0,0,0,0,0,0,0.0,0.0,0.0
20314,0,0,0,0,0,0,0,0,0,0,0.0,0.0,0.0,0.0,0.0,0.0,0,0,0,0,0,0.0,0.0,0.0
20315,0,0,0,0,0,0,0,0,0,0,0.0,0.0,0.0,0.0,0.0,0.0,0,0,0,0,0,0.0,0.0,0.0
20316,0,0,0,0,0,0,0,0,0,0,0.0,0.0,0.0,0.0,0.0,0.0,0,0,0,0,0,0.0,0.0,0.0
20317,0,0,0,0,0,0,0,0,0,0,0.0,0.0,0.0,0.0,0.0,0.0,0,0,0,0,0,0.0,0.0,0.0
20318,5,0,0,5,0,15,0,0,15,0,30.13258336681398,0.0,0.0,30.13258336681398,0.0,0.0279379268782643,18,21,1,13,4,2.2,2.6,5.2
20319,0,0,0,0,0,0,0,0,0,0,0.0,0.0,0.0,0.0,0.0,0.0,0,0,0,0,0,0.0,0.0,0.0
20320,0,0,0,0,0,0,0,0,0,0,0.0,0.0,0.0,0.0,0.0,0.0,0,0,0,0,0,0.0,0.0,0.0
20321,0,0,0,0,0,0,0,0,0,0,0.0,0.0,0.0,0.0,0.0,0.0,0,0,0,0,0,0.0,0.0,0.0
20322,0,0,0,0,0,0,0,0,0,0,0.0,0.0,0.0,0.0,0.0,0.0,0,0,0,0,0,0.0,0.0,0.0
20323,0,0,0,0,0,0,0,0,0,0,0.0,0.0,0.0,0.0,0.0,0.0,2,4,0,1,1,0.2,0.5,20.8
20324,8,0,0,2,0,24,0,0,6,0,49.78839930296241,0.0,0.0,12.447099825740604,0.0,0.0377790224877603,17,17,1,16,0,2.1,2.1,4.4
20325,0,0,0,0,0,0,0,0,0,0,0.0,0.0,0.0,0.0,0.0,0.0,2,3,1,1,0,0.2,0.4,3.4
20326,0,0,0,0,0,0,0,0,0,0,0.0,0.0,0.0,0.0,0.0,0.0,0,0,0,0,0,0.0,0.0,0.0
20327,2,0,0,0,1,6,0,0,0,3,38.76219394017701,0.0,0.0,0.0,19.381096970088507,0.027236901608631,13,12,2,7,4,1.6,1.5,9.7
20328,0,0,0,0,0,0,0,0,0,0,0.0,0.0,0.0,0.0,0.0,0.0,0,0,0,0,0,0.0,0.0,0.0
20329,0,0,0,0,0,0,0,0,0,0,0.0,0.0,0.0,0.0,0.0,0.0,0,0,0,0,0,0.0,0.0,0.0
20330,0,0,0,0,0,0,0,0,0,0,0.0,0.0,0.0,0.0,0.0,0.0,0,0,0,0,0,0.0,0.0,0.0
20331,0,0,0,0,0,0,0,0,0,0,0.0,0.0,0.0,0.0,0.0,0.0,0,0,0,0,0,0.0,0.0,0.0
20332,0,0,0,0,0,0,0,0,0,0,0.0,0.0,0.0,0.0,0.0,0.0,0,0,0,0,0,0.0,0.0,0.0
20333,3,0,0,0,0,9,0,0,0,0,273.224043715847,0.0,0.0,0.0,0.0,0.1919854280510018,2,3,0,1,1,0.2,0.4,12.1
20334,3,0,0,1,0,9,0,0,3,0,17.807324746245623,0.0,0.0,5.935774915415207,0.0,0.0138451949902059,11,16,1,9,1,1.4,2.0,4.0
20335,0,0,0,0,0,0,0,0,0,0,0.0,0.0,0.0,0.0,0.0,0.0,0,0,0,0,0,0.0,0.0,0.0
20336,0,0,0,0,0,0,0,0,0,0,0.0,0.0,0.0,0.0,0.0,0.0,0,0,0,0,0,0.0,0.0,0.0
20337,0,0,0,1,0,0,0,0,3,0,0.0,0.0,0.0,53.41880341880342,0.0,0.0119925213675213,0,0,0,0,0,0.0,0.0,0.0
20338,0,0,0,9,0,0,0,0,27,0,0.0,0.0,0.0,260.5926068912267,0.0,0.0585030402470803,2,1,1,0,1,0.2,0.1,1.0
20339,0,0,0,1,0,0,0,0,3,0,0.0,0.0,0.0,68.91798759476224,0.0,0.0154720882150241,1,1,1,0,0,0.1,0.1,2.3
20340,0,0,0,0,0,0,0,0,0,0,0.0,0.0,0.0,0.0,0.0,0.0,0,0,0,0,0,0.0,0.0,0.0
20341,0,0,0,0,0,0,0,0,0,0,0.0,0.0,0.0,0.0,0.0,0.0,0,0,0,0,0,0.0,0.0,0.0
20342,0,0,1,0,0,0,0,3,0,0,0.0,0.0,73.0816077953715,0.0,0.0,0.1757369062119367,1,1,0,1,0,0.1,0.1,2.4
20343,0,0,0,0,0,0,0,0,0,0,0.0,0.0,0.0,0.0,0.0,0.0,0,0,0,0,0,0.0,0.0,0.0
20344,0,0,0,0,0,0,0,0,0,0,0.0,0.0,0.0,0.0,0.0,0.0,1,6,1,0,0,0.1,0.8,28.5
20345,0,0,0,0,0,0,0,0,0,0,0.0,0.0,0.0,0.0,0.0,0.0,0,0,0,0,0,0.0,0.0,0.0
20346,0,0,0,0,0,0,0,0,0,0,0.0,0.0,0.0,0.0,0.0,0.0,0,0,0,0,0,0.0,0.0,0.0
20347,0,0,0,0,0,0,0,0,0,0,0.0,0.0,0.0,0.0,0.0,0.0,0,0,0,0,0,0.0,0.0,0.0
20348,0,0,0,0,0,0,0,0,0,0,0.0,0.0,0.0,0.0,0.0,0.0,0,0,0,0,0,0.0,0.0,0.0
20349,0,0,0,0,0,0,0,0,0,0,0.0,0.0,0.0,0.0,0.0,0.0,0,0,0,0,0,0.0,0.0,0.0
20350,2,0,0,2,0,6,0,0,6,0,35.549235691432635,0.0,0.0,35.549235691432635,0.0,0.0329600663585732,2,2,0,2,0,0.2,0.2,1.2
20351,0,0,0,0,0,0,0,0,0,0,0.0,0.0,0.0,0.0,0.0,0.0,0,0,0,0,0,0.0,0.0,0.0
20352,0,0,0,0,0,0,0,0,0,0,0.0,0.0,0.0,0.0,0.0,0.0,0,0,0,0,0,0.0,0.0,0.0
20353,0,0,0,0,0,0,0,0,0,0,0.0,0.0,0.0,0.0,0.0,0.0,0,0,0,0,0,0.0,0.0,0.0
20354,0,0,0,0,0,0,0,0,0,0,0.0,0.0,0.0,0.0,0.0,0.0,0,0,0,0,0,0.0,0.0,0.0
20355,0,0,0,0,0,0,0,0,0,0,0.0,0.0,0.0,0.0,0.0,0.0,0,0,0,0,0,0.0,0.0,0.0
20356,0,0,0,0,0,0,0,0,0,0,0.0,0.0,0.0,0.0,0.0,0.0,0,0,0,0,0,0.0,0.0,0.0
20357,0,0,0,0,0,0,0,0,0,0,0.0,0.0,0.0,0.0,0.0,0.0,0,0,0,0,0,0.0,0.0,0.0
20358,0,0,0,0,0,0,0,0,0,0,0.0,0.0,0.0,0.0,0.0,0.0,0,0,0,0,0,0.0,0.0,0.0
20359,0,0,0,0,0,0,0,0,0,0,0.0,0.0,0.0,0.0,0.0,0.0,0,0,0,0,0,0.0,0.0,0.0
20360,0,0,0,0,0,0,0,0,0,0,0.0,0.0,0.0,0.0,0.0,0.0,2,2,0,2,0,0.2,0.2,5.0
20361,0,0,0,0,0,0,0,0,0,0,0.0,0.0,0.0,0.0,0.0,0.0,0,0,0,0,0,0.0,0.0,0.0
20362,0,0,0,0,0,0,0,0,0,0,0.0,0.0,0.0,0.0,0.0,0.0,1,1,0,1,0,0.1,0.1,6.7
20363,0,0,0,0,0,0,0,0,0,0,0.0,0.0,0.0,0.0,0.0,0.0,0,0,0,0,0,0.0,0.0,0.0
20364,2,0,0,1,0,6,0,0,3,0,32.1646831778707,0.0,0.0,16.08234158893535,0.0,0.0262115363996997,5,4,1,4,0,0.6,0.5,2.7
20365,0,0,0,0,0,0,0,0,0,0,0.0,0.0,0.0,0.0,0.0,0.0,0,0,0,0,0,0.0,0.0,0.0
20366,0,0,0,0,0,0,0,0,0,0,0.0,0.0,0.0,0.0,0.0,0.0,0,0,0,0,0,0.0,0.0,0.0
20367,0,0,0,0,0,0,0,0,0,0,0.0,0.0,0.0,0.0,0.0,0.0,0,0,0,0,0,0.0,0.0,0.0
20368,0,0,0,0,0,0,0,0,0,0,0.0,0.0,0.0,0.0,0.0,0.0,0,0,0,0,0,0.0,0.0,0.0
20369,0,0,0,0,0,0,0,0,0,0,0.0,0.0,0.0,0.0,0.0,0.0,0,0,0,0,0,0.0,0.0,0.0
20370,0,0,0,0,0,0,0,0,0,0,0.0,0.0,0.0,0.0,0.0,0.0,0,0,0,0,0,0.0,0.0,0.0
20371,0,0,0,0,0,0,0,0,0,0,0.0,0.0,0.0,0.0,0.0,0.0,0,0,0,0,0,0.0,0.0,0.0
20372,0,0,0,0,0,0,0,0,0,0,0.0,0.0,0.0,0.0,0.0,0.0,2,2,1,1,0,0.2,0.2,15.2
20373,0,0,0,0,0,0,0,0,0,0,0.0,0.0,0.0,0.0,0.0,0.0,0,0,0,0,0,0.0,0.0,0.0
20374,0,0,0,0,0,0,0,0,0,0,0.0,0.0,0.0,0.0,0.0,0.0,0,0,0,0,0,0.0,0.0,0.0
20375,0,0,0,0,0,0,0,0,0,0,0.0,0.0,0.0,0.0,0.0,0.0,0,0,0,0,0,0.0,0.0,0.0
20376,0,0,0,0,0,0,0,0,0,0,0.0,0.0,0.0,0.0,0.0,0.0,0,0,0,0,0,0.0,0.0,0.0
20377,0,0,0,0,0,0,0,0,0,0,0.0,0.0,0.0,0.0,0.0,0.0,0,0,0,0,0,0.0,0.0,0.0
20378,0,0,0,1,0,0,0,0,3,0,0.0,0.0,0.0,80.64516129032258,0.0,0.0181048387096774,0,0,0,0,0,0.0,0.0,0.0
20379,0,0,0,0,0,0,0,0,0,0,0.0,0.0,0.0,0.0,0.0,0.0,0,0,0,0,0,0.0,0.0,0.0
20380,0,0,0,0,0,0,0,0,0,0,0.0,0.0,0.0,0.0,0.0,0.0,0,0,0,0,0,0.0,0.0,0.0
20381,0,0,0,0,0,0,0,0,0,0,0.0,0.0,0.0,0.0,0.0,0.0,1,3,1,0,0,0.1,0.4,13.6
20382,0,0,0,0,0,0,0,0,0,0,0.0,0.0,0.0,0.0,0.0,0.0,0,0,0,0,0,0.0,0.0,0.0
20383,0,0,0,0,0,0,0,0,0,0,0.0,0.0,0.0,0.0,0.0,0.0,0,0,0,0,0,0.0,0.0,0.0
20384,0,0,0,0,0,0,0,0,0,0,0.0,0.0,0.0,0.0,0.0,0.0,0,0,0,0,0,0.0,0.0,0.0
20385,4,0,0,7,0,12,0,0,21,0,11.95195314834366,0.0,0.0,20.9159180096014,0.0,0.0130938626720583,17,11,2,14,1,2.1,1.4,1.4
20386,0,0,0,0,0,0,0,0,0,0,0.0,0.0,0.0,0.0,0.0,0.0,1,1,0,1,0,0.1,0.1,0.5
20387,3,0,0,0,0,9,0,0,0,0,311.3109650639917,0.0,0.0,0.0,0.0,0.2187478381182981,0,0,0,0,0,0.0,0.0,0.0
20388,0,0,0,0,0,0,0,0,0,0,0.0,0.0,0.0,0.0,0.0,0.0,0,0,0,0,0,0.0,0.0,0.0
20389,0,0,0,0,0,0,0,0,0,0,0.0,0.0,0.0,0.0,0.0,0.0,0,0,0,0,0,0.0,0.0,0.0
20390,0,2,0,6,0,0,6,0,18,0,0.0,11.913744489893174,0.0,35.74123346967952,0.0,0.0335987450855804,11,7,2,8,1,1.4,0.9,1.8
20391,0,0,0,0,0,0,0,0,0,0,0.0,0.0,0.0,0.0,0.0,0.0,0,0,0,0,0,0.0,0.0,0.0
20392,0,0,0,0,0,0,0,0,0,0,0.0,0.0,0.0,0.0,0.0,0.0,0,0,0,0,0,0.0,0.0,0.0
20393,1,0,0,0,0,3,0,0,0,0,71.89072609633358,0.0,0.0,0.0,0.0,0.050515216870357,0,0,0,0,0,0.0,0.0,0.0
20394,0,0,0,0,0,0,0,0,0,0,0.0,0.0,0.0,0.0,0.0,0.0,1,0,0,0,1,0.1,0.0,0.0
20395,0,0,0,0,0,0,0,0,0,0,0.0,0.0,0.0,0.0,0.0,0.0,0,0,0,0,0,0.0,0.0,0.0
20396,0,0,0,0,0,0,0,0,0,0,0.0,0.0,0.0,0.0,0.0,0.0,0,0,0,0,0,0.0,0.0,0.0
20397,0,0,0,0,0,0,0,0,0,0,0.0,0.0,0.0,0.0,0.0,0.0,6,6,2,4,0,0.8,0.8,2.0
20398,0,0,0,0,0,0,0,0,0,0,0.0,0.0,0.0,0.0,0.0,0.0,0,0,0,0,0,0.0,0.0,0.0
20399,2,0,0,2,0,6,0,0,6,0,14.312635671858974,0.0,0.0,14.312635671858974,0.0,0.0132701987070919,4,4,1,3,0,0.5,0.5,1.2
20400,0,0,0,0,0,0,0,0,0,0,0.0,0.0,0.0,0.0,0.0,0.0,0,0,0,0,0,0.0,0.0,0.0
20401,1,0,0,2,0,3,0,0,6,0,11.092213266287066,0.0,0.0,22.184426532574133,0.0,0.0127745322783406,6,7,0,5,1,0.8,0.9,3.3
20402,0,0,0,1,0,0,0,0,3,0,0.0,0.0,0.0,281.1621368322399,0.0,0.0631208997188378,0,0,0,0,0,0.0,0.0,0.0
20403,0,0,0,1,0,0,0,0,3,0,0.0,0.0,0.0,79.97867235403892,0.0,0.0179552119434817,0,0,0,0,0,0.0,0.0,0.0
20404,0,0,0,0,0,0,0,0,0,0,0.0,0.0,0.0,0.0,0.0,0.0,0,0,0,0,0,0.0,0.0,0.0
20405,0,0,0,0,0,0,0,0,0,0,0.0,0.0,0.0,0.0,0.0,0.0,0,0,0,0,0,0.0,0.0,0.0
20406,0,0,0,0,0,0,0,0,0,0,0.0,0.0,0.0,0.0,0.0,0.0,2,1,0,2,0,0.2,0.1,0.5
20407,0,0,0,0,0,0,0,0,0,0,0.0,0.0,0.0,0.0,0.0,0.0,2,2,1,1,0,0.2,0.2,2.1
20408,0,0,0,0,0,0,0,0,0,0,0.0,0.0,0.0,0.0,0.0,0.0,0,0,0,0,0,0.0,0.0,0.0
20409,0,0,0,1,0,0,0,0,3,0,0.0,0.0,0.0,33.56080098445016,0.0,0.007534399821009,2,1,1,1,0,0.2,0.1,1.1
20410,0,0,0,0,0,0,0,0,0,0,0.0,0.0,0.0,0.0,0.0,0.0,1,12,0,1,0,0.1,1.5,43.9
20411,0,0,0,0,0,0,0,0,0,0,0.0,0.0,0.0,0.0,0.0,0.0,0,0,0,0,0,0.0,0.0,0.0
20412,0,0,0,0,0,0,0,0,0,0,0.0,0.0,0.0,0.0,0.0,0.0,0,0,0,0,0,0.0,0.0,0.0
20413,1,1,0,1,0,3,3,0,3,0,5.898313082458417,5.898313082458417,0.0,5.898313082458417,0.0,0.0181304313632967,14,9,1,8,5,1.8,1.1,2.2
20414,1,0,0,1,0,3,0,0,3,0,25.01042100875365,0.0,0.0,25.01042100875365,0.0,0.023188828678616,2,2,0,2,0,0.2,0.2,1.7
20415,1,0,0,0,0,3,0,0,0,0,61.50061500615006,0.0,0.0,0.0,0.0,0.0432144321443214,0,0,0,0,0,0.0,0.0,0.0
20416,0,0,0,0,0,0,0,0,0,0,0.0,0.0,0.0,0.0,0.0,0.0,0,0,0,0,0,0.0,0.0,0.0
20417,0,0,0,0,0,0,0,0,0,0,0.0,0.0,0.0,0.0,0.0,0.0,2,0,0,1,1,0.2,0.0,0.0
20418,0,0,0,0,0,0,0,0,0,0,0.0,0.0,0.0,0.0,0.0,0.0,8,6,0,4,4,1.0,0.8,6.8
20419,0,0,0,0,0,0,0,0,0,0,0.0,0.0,0.0,0.0,0.0,0.0,0,0,0,0,0,0.0,0.0,0.0
20420,0,0,0,0,0,0,0,0,0,0,0.0,0.0,0.0,0.0,0.0,0.0,0,0,0,0,0,0.0,0.0,0.0
20421,0,0,0,0,0,0,0,0,0,0,0.0,0.0,0.0,0.0,0.0,0.0,6,7,1,5,0,0.8,0.9,19.2
20422,0,0,0,0,0,0,0,0,0,0,0.0,0.0,0.0,0.0,0.0,0.0,0,0,0,0,0,0.0,0.0,0.0
20423,0,0,0,0,0,0,0,0,0,0,0.0,0.0,0.0,0.0,0.0,0.0,0,0,0,0,0,0.0,0.0,0.0
20424,0,0,0,0,0,0,0,0,0,0,0.0,0.0,0.0,0.0,0.0,0.0,0,0,0,0,0,0.0,0.0,0.0
20425,0,0,0,0,0,0,0,0,0,0,0.0,0.0,0.0,0.0,0.0,0.0,0,0,0,0,0,0.0,0.0,0.0
20426,0,0,0,0,0,0,0,0,0,0,0.0,0.0,0.0,0.0,0.0,0.0,0,0,0,0,0,0.0,0.0,0.0
20427,1,0,0,0,0,3,0,0,0,0,17.957620016760444,0.0,0.0,0.0,0.0,0.0126182209984436,6,7,0,6,0,0.8,0.9,5.4
20428,0,0,0,0,0,0,0,0,0,0,0.0,0.0,0.0,0.0,0.0,0.0,0,0,0,0,0,0.0,0.0,0.0
20429,0,0,0,0,0,0,0,0,0,0,0.0,0.0,0.0,0.0,0.0,0.0,0,0,0,0,0,0.0,0.0,0.0
20430,0,0,0,0,0,0,0,0,0,0,0.0,0.0,0.0,0.0,0.0,0.0,0,0,0,0,0,0.0,0.0,0.0
20431,1,0,0,0,0,3,0,0,0,0,163.9344262295082,0.0,0.0,0.0,0.0,0.1151912568306011,0,0,0,0,0,0.0,0.0,0.0
20432,0,0,0,0,0,0,0,0,0,0,0.0,0.0,0.0,0.0,0.0,0.0,0,0,0,0,0,0.0,0.0,0.0
20433,0,0,0,0,0,0,0,0,0,0,0.0,0.0,0.0,0.0,0.0,0.0,0,0,0,0,0,0.0,0.0,0.0
20434,0,0,0,1,0,0,0,0,3,0,0.0,0.0,0.0,75.2823086574655,0.0,0.016900878293601,0,0,0,0,0,0.0,0.0,0.0
20435,0,0,0,0,0,0,0,0,0,0,0.0,0.0,0.0,0.0,0.0,0.0,0,0,0,0,0,0.0,0.0,0.0
20436,0,0,0,0,0,0,0,0,0,0,0.0,0.0,0.0,0.0,0.0,0.0,0,0,0,0,0,0.0,0.0,0.0
20437,0,0,0,0,0,0,0,0,0,0,0.0,0.0,0.0,0.0,0.0,0.0,0,0,0,0,0,0.0,0.0,0.0
20438,0,0,0,0,0,0,0,0,0,0,0.0,0.0,0.0,0.0,0.0,0.0,0,0,0,0,0,0.0,0.0,0.0
20439,3,0,0,0,0,9,0,0,0,0,35.50716061072316,0.0,0.0,0.0,0.0,0.0249496981891348,9,14,0,9,0,1.1,1.8,7.1
20440,0,0,0,0,0,0,0,0,0,0,0.0,0.0,0.0,0.0,0.0,0.0,0,0,0,0,0,0.0,0.0,0.0
20441,0,0,0,1,0,0,0,0,3,0,0.0,0.0,0.0,32.48862897985705,0.0,0.0072936972059779,2,1,0,1,1,0.2,0.1,1.1
20442,0,0,0,0,0,0,0,0,0,0,0.0,0.0,0.0,0.0,0.0,0.0,0,0,0,0,0,0.0,0.0,0.0
20443,0,0,0,0,0,0,0,0,0,0,0.0,0.0,0.0,0.0,0.0,0.0,0,0,0,0,0,0.0,0.0,0.0
20444,0,0,0,0,0,0,0,0,0,0,0.0,0.0,0.0,0.0,0.0,0.0,0,0,0,0,0,0.0,0.0,0.0
20445,0,0,0,0,0,0,0,0,0,0,0.0,0.0,0.0,0.0,0.0,0.0,0,0,0,0,0,0.0,0.0,0.0
20446,0,0,0,0,0,0,0,0,0,0,0.0,0.0,0.0,0.0,0.0,0.0,0,0,0,0,0,0.0,0.0,0.0
20447,1,0,0,1,0,3,0,0,3,0,17.543859649122805,0.0,0.0,17.543859649122805,0.0,0.016266081871345,1,2,0,1,0,0.1,0.2,1.2
20448,1,0,0,0,0,3,0,0,0,0,121.5066828675577,0.0,0.0,0.0,0.0,0.0853786958282705,0,0,0,0,0,0.0,0.0,0.0
20449,1,0,0,0,0,3,0,0,0,0,91.07468123861568,0.0,0.0,0.0,0.0,0.0639951426836672,3,6,1,1,1,0.4,0.8,24.3
20450,1,0,0,0,0,3,0,0,0,0,21.652832912306028,0.0,0.0,0.0,0.0,0.0152147239263803,6,13,2,4,0,0.8,1.6,11.5
20451,0,0,0,0,0,0,0,0,0,0,0.0,0.0,0.0,0.0,0.0,0.0,0,0,0,0,0,0.0,0.0,0.0
20452,0,0,0,0,0,0,0,0,0,0,0.0,0.0,0.0,0.0,0.0,0.0,0,0,0,0,0,0.0,0.0,0.0
20453,0,0,0,1,0,0,0,0,3,0,0.0,0.0,0.0,76.5696784073507,0.0,0.0171898928024502,1,1,0,1,0,0.1,0.1,2.6
20454,0,0,0,0,0,0,0,0,0,0,0.0,0.0,0.0,0.0,0.0,0.0,1,1,0,1,0,0.1,0.1,2.8
20455,0,0,0,0,0,0,0,0,0,0,0.0,0.0,0.0,0.0,0.0,0.0,0,0,0,0,0,0.0,0.0,0.0
20456,1,0,0,0,0,3,0,0,0,0,179.9640071985603,0.0,0.0,0.0,0.0,0.1264547090581883,1,2,1,0,0,0.1,0.2,12.0
20457,0,0,0,0,0,0,0,0,0,0,0.0,0.0,0.0,0.0,0.0,0.0,0,0,0,0,0,0.0,0.0,0.0
20458,0,0,0,0,0,0,0,0,0,0,0.0,0.0,0.0,0.0,0.0,0.0,0,0,0,0,0,0.0,0.0,0.0
20459,0,0,0,0,0,0,0,0,0,0,0.0,0.0,0.0,0.0,0.0,0.0,0,0,0,0,0,0.0,0.0,0.0
20460,0,0,0,0,0,0,0,0,0,0,0.0,0.0,0.0,0.0,0.0,0.0,0,0,0,0,0,0.0,0.0,0.0
20461,1,0,0,0,0,3,0,0,0,0,569.2599620493359,0.0,0.0,0.0,0.0,0.4,1,0,0,0,1,0.1,0.0,0.0
20462,0,0,0,0,0,0,0,0,0,0,0.0,0.0,0.0,0.0,0.0,0.0,2,0,1,0,1,0.2,0.0,0.0
20463,0,0,0,0,0,0,0,0,0,0,0.0,0.0,0.0,0.0,0.0,0.0,0,0,0,0,0,0.0,0.0,0.0
20464,0,0,0,0,0,0,0,0,0,0,0.0,0.0,0.0,0.0,0.0,0.0,2,2,0,2,0,0.2,0.2,58.7
20465,0,0,0,0,0,0,0,0,0,0,0.0,0.0,0.0,0.0,0.0,0.0,0,0,0,0,0,0.0,0.0,0.0
20466,1,0,0,0,0,3,0,0,0,0,21.613832853025936,0.0,0.0,0.0,0.0,0.0151873198847262,2,1,1,1,0,0.2,0.1,0.7
20467,4,0,0,8,0,12,0,0,24,0,62.78777731268313,0.0,0.0,125.57555462536628,0.0,0.0723105902051067,15,17,0,14,1,1.9,2.1,11.0
20468,0,1,0,0,0,0,3,0,0,0,0.0,21.12973658261727,0.0,0.0,0.0,0.0453585011973517,4,5,1,3,0,0.5,0.6,4.2
20469,3,0,0,0,0,9,0,0,0,0,25.91046494889881,0.0,0.0,0.0,0.0,0.0182064200374262,28,21,5,21,2,3.5,2.6,7.5
20470,0,1,0,0,0,0,3,0,0,0,0.0,68.27492034592626,0.0,0.0,0.0,0.1465634956759217,0,0,0,0,0,0.0,0.0,0.0
20471,0,0,0,0,0,0,0,0,0,0,0.0,0.0,0.0,0.0,0.0,0.0,0,0,0,0,0,0.0,0.0,0.0
20472,0,0,0,0,0,0,0,0,0,0,0.0,0.0,0.0,0.0,0.0,0.0,1,2,0,1,0,0.1,0.2,6.0
20473,0,0,0,1,0,0,0,0,3,0,0.0,0.0,0.0,232.37800154918665,0.0,0.0521688613477923,0,0,0,0,0,0.0,0.0,0.0
20474,1,0,0,2,0,3,0,0,6,0,87.20930232558139,0.0,0.0,174.41860465116278,0.0,0.1004360465116279,1,1,0,1,0,0.1,0.1,2.9
20475,1,0,0,0,0,3,0,0,0,0,29.484029484029485,0.0,0.0,0.0,0.0,0.0207174447174447,3,2,1,1,1,0.4,0.2,2.0
20476,0,0,0,0,0,0,0,0,0,0,0.0,0.0,0.0,0.0,0.0,0.0,0,0,0,0,0,0.0,0.0,0.0
20477,0,0,0,0,0,0,0,0,0,0,0.0,0.0,0.0,0.0,0.0,0.0,0,0,0,0,0,0.0,0.0,0.0
20478,0,0,0,0,0,0,0,0,0,0,0.0,0.0,0.0,0.0,0.0,0.0,0,0,0,0,0,0.0,0.0,0.0
20479,0,0,0,0,0,0,0,0,0,0,0.0,0.0,0.0,0.0,0.0,0.0,0,0,0,0,0,0.0,0.0,0.0
20480,0,0,0,0,0,0,0,0,0,0,0.0,0.0,0.0,0.0,0.0,0.0,0,0,0,0,0,0.0,0.0,0.0
20481,0,0,0,0,0,0,0,0,0,0,0.0,0.0,0.0,0.0,0.0,0.0,0,0,0,0,0,0.0,0.0,0.0
20482,14,0,0,31,0,42,0,0,93,0,75.21489971346705,0.0,0.0,166.54727793696276,0.0,0.0902408667621776,21,24,4,17,0,2.6,3.0,5.4
20483,0,0,0,0,0,0,0,0,0,0,0.0,0.0,0.0,0.0,0.0,0.0,1,0,0,1,0,0.1,0.0,0.0
20484,0,0,0,0,0,0,0,0,0,0,0.0,0.0,0.0,0.0,0.0,0.0,3,3,2,1,0,0.4,0.4,9.0
20485,0,0,0,0,0,0,0,0,0,0,0.0,0.0,0.0,0.0,0.0,0.0,0,0,0,0,0,0.0,0.0,0.0
20486,0,0,0,0,0,0,0,0,0,0,0.0,0.0,0.0,0.0,0.0,0.0,1,0,0,0,1,0.1,0.0,0.0
20487,0,0,0,0,0,0,0,0,0,0,0.0,0.0,0.0,0.0,0.0,0.0,0,0,0,0,0,0.0,0.0,0.0
20488,0,0,0,0,0,0,0,0,0,0,0.0,0.0,0.0,0.0,0.0,0.0,0,0,0,0,0,0.0,0.0,0.0
20489,0,0,0,0,0,0,0,0,0,0,0.0,0.0,0.0,0.0,0.0,0.0,0,0,0,0,0,0.0,0.0,0.0
20490,1,0,0,0,0,3,0,0,0,0,100.87424344317418,0.0,0.0,0.0,0.0,0.070880968392737,0,0,0,0,0,0.0,0.0,0.0
20491,0,0,0,0,0,0,0,0,0,0,0.0,0.0,0.0,0.0,0.0,0.0,3,3,2,1,0,0.4,0.4,8.1
20492,0,0,0,0,0,0,0,0,0,0,0.0,0.0,0.0,0.0,0.0,0.0,0,0,0,0,0,0.0,0.0,0.0
20493,0,0,0,0,0,0,0,0,0,0,0.0,0.0,0.0,0.0,0.0,0.0,0,0,0,0,0,0.0,0.0,0.0
20494,0,0,0,0,0,0,0,0,0,0,0.0,0.0,0.0,0.0,0.0,0.0,0,0,0,0,0,0.0,0.0,0.0
20495,1,0,0,0,0,3,0,0,0,0,99.0425883129746,0.0,0.0,0.0,0.0,0.0695939253879168,3,3,2,1,0,0.4,0.4,13.2
20496,0,0,0,0,0,0,0,0,0,0,0.0,0.0,0.0,0.0,0.0,0.0,0,0,0,0,0,0.0,0.0,0.0
20497,0,0,0,0,0,0,0,0,0,0,0.0,0.0,0.0,0.0,0.0,0.0,2,3,0,2,0,0.2,0.4,9.4
20498,1,0,0,0,0,3,0,0,0,0,39.51007506914263,0.0,0.0,0.0,0.0,0.0277624127485842,1,3,0,1,0,0.1,0.4,5.3
20499,0,0,0,0,0,0,0,0,0,0,0.0,0.0,0.0,0.0,0.0,0.0,1,1,0,1,0,0.1,0.1,5.2
20500,0,0,0,0,1,0,0,0,0,3,0.0,0.0,0.0,0.0,37.54223501439119,0.0,0,0,0,0,0,0.0,0.0,0.0
20501,0,0,0,0,0,0,0,0,0,0,0.0,0.0,0.0,0.0,0.0,0.0,0,0,0,0,0,0.0,0.0,0.0
20502,0,0,0,0,0,0,0,0,0,0,0.0,0.0,0.0,0.0,0.0,0.0,1,2,0,1,0,0.1,0.2,3.9
20503,0,0,0,0,0,0,0,0,0,0,0.0,0.0,0.0,0.0,0.0,0.0,0,0,0,0,0,0.0,0.0,0.0
20504,0,0,0,0,0,0,0,0,0,0,0.0,0.0,0.0,0.0,0.0,0.0,0,0,0,0,0,0.0,0.0,0.0
20505,0,0,0,0,0,0,0,0,0,0,0.0,0.0,0.0,0.0,0.0,0.0,0,0,0,0,0,0.0,0.0,0.0
20506,0,0,0,0,0,0,0,0,0,0,0.0,0.0,0.0,0.0,0.0,0.0,0,0,0,0,0,0.0,0.0,0.0
20507,0,0,0,1,0,0,0,0,3,0,0.0,0.0,0.0,95.08716323296356,0.0,0.0213470681458003,1,1,0,1,0,0.1,0.1,3.2
20508,0,0,0,0,0,0,0,0,0,0,0.0,0.0,0.0,0.0,0.0,0.0,0,0,0,0,0,0.0,0.0,0.0
20509,0,0,0,1,0,0,0,0,3,0,0.0,0.0,0.0,26.352775825720308,0.0,0.0059161981728742,0,0,0,0,0,0.0,0.0,0.0
20510,0,0,0,0,0,0,0,0,0,0,0.0,0.0,0.0,0.0,0.0,0.0,0,0,0,0,0,0.0,0.0,0.0
20511,0,0,0,0,0,0,0,0,0,0,0.0,0.0,0.0,0.0,0.0,0.0,0,0,0,0,0,0.0,0.0,0.0
20512,0,0,0,0,0,0,0,0,0,0,0.0,0.0,0.0,0.0,0.0,0.0,0,0,0,0,0,0.0,0.0,0.0
20513,2,0,0,1,0,6,0,0,3,0,66.4672648720505,0.0,0.0,33.23363243602525,0.0,0.0541652819319818,9,15,3,5,1,1.1,1.9,21.0
20514,0,0,0,0,0,0,0,0,0,0,0.0,0.0,0.0,0.0,0.0,0.0,0,0,0,0,0,0.0,0.0,0.0
20515,12,1,0,5,0,36,3,0,15,0,53.1451600997948,4.428763341649566,0.0,22.14381670824784,0.0,0.0518216979878651,36,46,5,28,3,4.5,5.8,8.6
20516,0,0,0,0,0,0,0,0,0,0,0.0,0.0,0.0,0.0,0.0,0.0,2,2,0,2,0,0.2,0.2,3.8
20517,0,0,0,0,0,0,0,0,0,0,0.0,0.0,0.0,0.0,0.0,0.0,1,2,1,0,0,0.1,0.2,3.3
20518,0,0,0,0,0,0,0,0,0,0,0.0,0.0,0.0,0.0,0.0,0.0,0,0,0,0,0,0.0,0.0,0.0
20519,0,0,0,0,0,0,0,0,0,0,0.0,0.0,0.0,0.0,0.0,0.0,2,2,0,2,0,0.2,0.2,5.9
20520,0,0,0,0,0,0,0,0,0,0,0.0,0.0,0.0,0.0,0.0,0.0,1,1,0,1,0,0.1,0.1,1.4
20521,0,0,0,0,0,0,0,0,0,0,0.0,0.0,0.0,0.0,0.0,0.0,0,0,0,0,0,0.0,0.0,0.0
20522,0,0,0,0,0,0,0,0,0,0,0.0,0.0,0.0,0.0,0.0,0.0,0,0,0,0,0,0.0,0.0,0.0
20523,0,0,0,0,0,0,0,0,0,0,0.0,0.0,0.0,0.0,0.0,0.0,0,0,0,0,0,0.0,0.0,0.0
20524,0,0,0,0,0,0,0,0,0,0,0.0,0.0,0.0,0.0,0.0,0.0,0,0,0,0,0,0.0,0.0,0.0
20525,3,0,0,0,0,9,0,0,0,0,72.09805335255948,0.0,0.0,0.0,0.0,0.0506608988223984,1,7,0,1,0,0.1,0.9,7.2
20526,5,0,0,0,0,15,0,0,0,0,89.88494726749761,0.0,0.0,0.0,0.0,0.0631591562799616,1,1,0,1,0,0.1,0.1,0.6
20527,0,0,0,0,0,0,0,0,0,0,0.0,0.0,0.0,0.0,0.0,0.0,0,0,0,0,0,0.0,0.0,0.0
20528,0,0,0,0,0,0,0,0,0,0,0.0,0.0,0.0,0.0,0.0,0.0,0,0,0,0,0,0.0,0.0,0.0
20529,0,0,0,0,0,0,0,0,0,0,0.0,0.0,0.0,0.0,0.0,0.0,0,0,0,0,0,0.0,0.0,0.0
20530,0,0,0,0,0,0,0,0,0,0,0.0,0.0,0.0,0.0,0.0,0.0,2,3,0,2,0,0.2,0.4,10.2
20531,0,0,0,0,0,0,0,0,0,0,0.0,0.0,0.0,0.0,0.0,0.0,0,0,0,0,0,0.0,0.0,0.0
20532,0,0,0,0,0,0,0,0,0,0,0.0,0.0,0.0,0.0,0.0,0.0,0,0,0,0,0,0.0,0.0,0.0
20533,0,0,0,0,0,0,0,0,0,0,0.0,0.0,0.0,0.0,0.0,0.0,2,2,0,2,0,0.2,0.2,7.3
20534,0,0,0,0,0,0,0,0,0,0,0.0,0.0,0.0,0.0,0.0,0.0,3,13,2,1,0,0.4,1.6,45.6
20535,0,0,0,0,0,0,0,0,0,0,0.0,0.0,0.0,0.0,0.0,0.0,0,0,0,0,0,0.0,0.0,0.0
20536,0,0,0,0,0,0,0,0,0,0,0.0,0.0,0.0,0.0,0.0,0.0,0,0,0,0,0,0.0,0.0,0.0
20537,0,0,0,0,0,0,0,0,0,0,0.0,0.0,0.0,0.0,0.0,0.0,0,0,0,0,0,0.0,0.0,0.0
20538,0,0,0,0,0,0,0,0,0,0,0.0,0.0,0.0,0.0,0.0,0.0,0,0,0,0,0,0.0,0.0,0.0
20539,2,0,0,3,0,6,0,0,9,0,94.5179584120983,0.0,0.0,141.77693761814746,0.0,0.0982435412728418,1,1,0,1,0,0.1,0.1,1.6
20540,0,0,0,0,0,0,0,0,0,0,0.0,0.0,0.0,0.0,0.0,0.0,1,0,0,0,1,0.1,0.0,0.0
20541,0,0,0,0,0,0,0,0,0,0,0.0,0.0,0.0,0.0,0.0,0.0,0,0,0,0,0,0.0,0.0,0.0
20542,0,0,0,0,0,0,0,0,0,0,0.0,0.0,0.0,0.0,0.0,0.0,3,3,0,3,0,0.4,0.4,45.1
20543,1,0,0,0,0,3,0,0,0,0,46.97776385844034,0.0,0.0,0.0,0.0,0.033009708737864,1,0,1,0,0,0.1,0.0,0.0
20544,0,0,0,0,0,0,0,0,0,0,0.0,0.0,0.0,0.0,0.0,0.0,0,0,0,0,0,0.0,0.0,0.0
20545,0,0,0,3,0,0,0,0,9,0,0.0,0.0,0.0,89.1177344291514,0.0,0.0200069313793444,3,5,0,3,0,0.4,0.6,5.9
20546,0,0,0,0,0,0,0,0,0,0,0.0,0.0,0.0,0.0,0.0,0.0,0,0,0,0,0,0.0,0.0,0.0
20547,0,0,0,0,0,0,0,0,0,0,0.0,0.0,0.0,0.0,0.0,0.0,0,0,0,0,0,0.0,0.0,0.0
20548,0,0,0,0,0,0,0,0,0,0,0.0,0.0,0.0,0.0,0.0,0.0,1,3,0,1,0,0.1,0.4,20.4
20549,0,1,0,0,0,0,3,0,0,0,0.0,26.166593981683384,0.0,0.0,0.0,0.0561709550806803,4,2,0,3,1,0.5,0.2,1.7
20550,0,0,0,0,0,0,0,0,0,0,0.0,0.0,0.0,0.0,0.0,0.0,0,0,0,0,0,0.0,0.0,0.0
20551,5,0,0,5,0,15,0,0,15,0,49.58022079724995,0.0,0.0,49.58022079724995,0.0,0.0459691280491835,6,4,1,4,1,0.8,0.5,1.7
20552,0,0,0,0,0,0,0,0,0,0,0.0,0.0,0.0,0.0,0.0,0.0,0,0,0,0,0,0.0,0.0,0.0
20553,1,0,0,2,0,3,0,0,6,0,24.86119167978785,0.0,0.0,49.72238335957571,0.0,0.0286318057512223,5,3,0,5,0,0.6,0.4,3.3
20554,0,0,0,0,0,0,0,0,0,0,0.0,0.0,0.0,0.0,0.0,0.0,0,0,0,0,0,0.0,0.0,0.0
20555,0,0,0,0,0,0,0,0,0,0,0.0,0.0,0.0,0.0,0.0,0.0,1,1,0,1,0,0.1,0.1,2.9
20556,0,0,0,0,0,0,0,0,0,0,0.0,0.0,0.0,0.0,0.0,0.0,0,0,0,0,0,0.0,0.0,0.0
20557,0,0,0,1,0,0,0,0,3,0,0.0,0.0,0.0,20.629899601155277,0.0,0.0046314124604593,2,2,0,2,0,0.2,0.2,1.4
20558,0,0,0,0,0,0,0,0,0,0,0.0,0.0,0.0,0.0,0.0,0.0,1,1,0,1,0,0.1,0.1,7.3
20559,0,0,0,1,0,0,0,0,3,0,0.0,0.0,0.0,13.005592404734037,0.0,0.0029197554948627,0,0,0,0,0,0.0,0.0,0.0
20560,0,0,0,0,0,0,0,0,0,0,0.0,0.0,0.0,0.0,0.0,0.0,0,0,0,0,0,0.0,0.0,0.0
20561,1,0,0,0,0,3,0,0,0,0,101.5572105619499,0.0,0.0,0.0,0.0,0.0713608666215301,0,0,0,0,0,0.0,0.0,0.0
20562,0,0,0,0,0,0,0,0,0,0,0.0,0.0,0.0,0.0,0.0,0.0,0,0,0,0,0,0.0,0.0,0.0
20563,1,0,0,0,0,3,0,0,0,0,240.9638554216868,0.0,0.0,0.0,0.0,0.1693172690763052,1,4,0,1,0,0.1,0.5,40.2
20564,0,0,0,0,0,0,0,0,0,0,0.0,0.0,0.0,0.0,0.0,0.0,0,0,0,0,0,0.0,0.0,0.0
20565,2,1,0,2,0,6,3,0,6,0,12.913223140495868,6.456611570247934,0.0,12.913223140495868,0.0,0.0258329028925619,9,12,3,6,0,1.1,1.5,3.2
20566,2,0,0,0,0,6,0,0,0,0,190.83969465648852,0.0,0.0,0.0,0.0,0.1340966921119593,0,0,0,0,0,0.0,0.0,0.0
20567,0,0,0,0,0,0,0,0,0,0,0.0,0.0,0.0,0.0,0.0,0.0,2,3,2,0,0,0.2,0.4,11.8
20568,0,0,0,0,0,0,0,0,0,0,0.0,0.0,0.0,0.0,0.0,0.0,3,4,0,3,0,0.4,0.5,29.5
20569,0,0,0,0,0,0,0,0,0,0,0.0,0.0,0.0,0.0,0.0,0.0,0,0,0,0,0,0.0,0.0,0.0
20570,1,1,0,2,0,3,3,0,6,0,13.578961662064907,13.578961662064907,0.0,27.15792332412981,0.0,0.044787941882044,2,1,1,1,0,0.2,0.1,0.5
